Name,CodeName,OverrideNameTextID,NamePrefixID,OverridePartnerSkillTextID,IsPal,Tribe,BPClass,ZukanIndex,UniqueOnlyB,Size,Rarity,ElementType1,ElementType2,GenusCategory,Organization,weapon,WeaponEquip,HP,MeleeAttack,ShotAttack,Defense,Support,CraftSpeed,EnemyReceiveDamageRate,CaptureRateCorrect,ExpRatio,Price,AIResponse,AISightResponse,SlowWalkSpeed,WalkSpeed,RunSpeed,RideSprintSpeed,TransportSpeed,IsBoss,IsTowerBoss,BattleBGM,IgnoreLeanBack,IgnoreBlowAway,MaxFullStomach,FullStomachDecreaseRate,FoodAmount,ViewingDistance,ViewingAngle,HearingRate,NooseTrap,Nocturnal,BiologicalGrade,Predator,Edible,Stamina,MaleProbability,CombiRank,WorkSuitability_EmitFlame,WorkSuitability_Watering,WorkSuitability_Seeding,WorkSuitability_GenerateElectricity,WorkSuitability_Handcraft,WorkSuitability_Collection,WorkSuitability_Deforest,WorkSuitability_Mining,WorkSuitability_OilExtraction,WorkSuitability_ProductMedicine,WorkSuitability_Cool,WorkSuitability_Transport,WorkSuitability_MonsterFarm,PassiveSkill1,PassiveSkill2,PassiveSkill3,PassiveSkill4,IndexOrder,UniqueOnly,Image,ZukanIndexSuffix,SkillLevelUnlock,SkillUnlockItem,SkillUnlock_,ActiveSkill,ActiveSkillBonus0,ActiveSkillBonus1,ActiveSkillBonus2,ActiveSkillBonus3,ActiveSkillBonus4,Mount,Mount Type,Passive0aCondition,Passive0a,Passive1a,Passive2a,Passive3a,Passive4a,Passive0bCondition,Passive0b,Passive1b,Passive2b,Passive3b,Passive4b,Passive0cCondition,Passive0c,Passive1c,Passive2c,Passive3c,Passive4c
Anubis,Anubis,None,None,None,TRUE,EPalTribeID::Anubis,Anubis,100,,EPalSizeType::M,10,EPalElementType::Earth,EPalElementType::None,EPalGenusCategoryType::Humanoid,EPalOrganizationType::None,EPalWeaponType::None,FALSE,120,130,130,100,100,100,1,1,1,4960,Warlike,None,80,160,800,1000,480,FALSE,FALSE,EPalBattleBGMType::Cool,FALSE,FALSE,400,1,6,25,90,1,FALSE,FALSE,5,TRUE,TRUE,100,50,570,0,0,0,0,4,0,0,3,0,0,0,2,0,ElementBoost_Earth_2_PAL,None,None,None,1,FALSE,,,,,,,,,,,,,,together,GiveAEarth,GiveAEarth,GiveAEarth,GiveAEarth,GiveAEarth,,,,,,,,GiveElement_TrainerATK_UP_PartnerSkill_1,GiveElement_TrainerATK_UP_PartnerSkill_2,GiveElement_TrainerATK_UP_PartnerSkill_3,GiveElement_TrainerATK_UP_PartnerSkill_4,GiveElement_TrainerATK_UP_PartnerSkill_5
Incineram,Baphomet,None,None,None,TRUE,EPalTribeID::Baphomet,Baphomet,40,,EPalSizeType::M,4,EPalElementType::Fire,EPalElementType::Dark,EPalGenusCategoryType::Humanoid,EPalOrganizationType::None,EPalWeaponType::None,FALSE,95,150,100,85,100,100,1,1,1,4780,Warlike,None,80,160,700,960,320,FALSE,FALSE,EPalBattleBGMType::Strong,FALSE,FALSE,300,1,4,25,90,1,FALSE,TRUE,4,TRUE,TRUE,100,50,590,1,0,0,0,2,0,0,1,0,0,0,2,0,None,None,None,None,2,FALSE,,,,,,Unique_Baphomet_SwallowKite,1.1,1.3,1.6,2,2.5,,,,,,,,,,,,,,,,,,,,
Incineram Noct,Baphomet_Dark,None,None,None,TRUE,EPalTribeID::Baphomet_Dark,Baphomet_Dark,40,B,EPalSizeType::M,5,EPalElementType::Dark,EPalElementType::None,EPalGenusCategoryType::Humanoid,EPalOrganizationType::None,EPalWeaponType::None,FALSE,95,150,105,85,100,100,1,1,1,4870,Warlike,None,80,160,700,960,320,FALSE,FALSE,EPalBattleBGMType::Strong,FALSE,FALSE,300,1,4,25,90,1,FALSE,TRUE,4,TRUE,TRUE,100,50,580,0,0,0,0,2,0,0,1,0,0,0,2,0,None,None,None,None,3,TRUE,,B,,,,Unique_Baphomet_SwallowKite,1.1,1.3,1.6,2,2.5,,,,,,,,,,,,,,,,,,,,
Mau,Bastet,None,None,None,TRUE,EPalTribeID::Bastet,Bastet,24,,EPalSizeType::XS,1,EPalElementType::Dark,EPalElementType::None,EPalGenusCategoryType::FourLegged,EPalOrganizationType::None,EPalWeaponType::None,FALSE,70,70,60,70,100,100,1,1,1,1000,Escape_to_Battle,None,52,105,475,550,317,FALSE,FALSE,EPalBattleBGMType::Cute,FALSE,FALSE,100,1,1,25,90,1,TRUE,TRUE,0,FALSE,TRUE,100,50,1480,0,0,0,0,0,0,0,0,0,0,0,0,1,None,None,None,None,4,FALSE,,,,,,,,,,,,,,,,,,,,,,,,,,,CharacterSpawnItem_Money_1,CharacterSpawnItem_Money_2,CharacterSpawnItem_Money_3,CharacterSpawnItem_Money_4,CharacterSpawnItem_Money_5
Mau Cryst,Bastet_Ice,None,None,None,TRUE,EPalTribeID::Bastet_Ice,Bastet_Ice,24,B,EPalSizeType::XS,2,EPalElementType::Ice,EPalElementType::None,EPalGenusCategoryType::FourLegged,EPalOrganizationType::None,EPalWeaponType::None,FALSE,70,70,65,70,100,100,1,1,1,1010,Escape_to_Battle,None,52,105,475,550,317,FALSE,FALSE,EPalBattleBGMType::Cute,FALSE,FALSE,100,1,1,25,90,1,TRUE,FALSE,0,FALSE,TRUE,100,50,1440,0,0,0,0,0,0,0,0,0,0,1,0,1,None,None,None,None,5,TRUE,,B,,,,,,,,,,,,,,,,,,,,,,,,,CharacterSpawnItem_Money_1,CharacterSpawnItem_Money_2,CharacterSpawnItem_Money_3,CharacterSpawnItem_Money_4,CharacterSpawnItem_Money_5
Rushoar,Boar,None,None,None,TRUE,EPalTribeID::Boar,Boar,20,,EPalSizeType::S,1,EPalElementType::Earth,EPalElementType::None,EPalGenusCategoryType::FourLegged,EPalOrganizationType::None,EPalWeaponType::None,FALSE,80,100,70,70,100,100,1.1,1,1,1680,Warlike,None,70,150,450,700,300,FALSE,FALSE,EPalBattleBGMType::Cute,FALSE,FALSE,225,1,3,25,90,1,FALSE,FALSE,1,TRUE,TRUE,100,50,1130,0,0,0,0,0,0,0,1,0,0,0,0,0,None,None,None,None,6,FALSE,,,6,"""SkillUnlock_Boar",Saddle,,,,,,,TRUE,Ground,,,,,,,,,,,,,together,Mining_up2_Otomo_only,Mining_up3_Otomo_only,Mining_up4_Otomo_only,Mining_up5_Otomo_only,Mining_up6_Otomo_only
Lifmunk,Carbunclo,None,None,None,TRUE,EPalTribeID::Carbunclo,Carbunclo,4,,EPalSizeType::XS,1,EPalElementType::Leaf,EPalElementType::None,EPalGenusCategoryType::Humanoid,EPalOrganizationType::None,EPalWeaponType::None,FALSE,75,70,70,70,100,100,1,0.9,1,1010,Escape,None,20,40,400,550,250,FALSE,FALSE,EPalBattleBGMType::Cute,FALSE,FALSE,100,1,1,25,90,1,TRUE,FALSE,0,FALSE,TRUE,100,50,1430,0,0,1,0,1,1,1,0,0,1,0,0,0,None,None,None,None,7,FALSE,,,11,SkillUnlock_Carbunclo,SkillUnlock_SMG,OnHeadShoot,10,11,13,16,20,,,,,,,,,,,,,,,,,,,,
Tocotoco,ColorfulBird,None,None,None,TRUE,EPalTribeID::ColorfulBird,ColorfulBird,27,,EPalSizeType::S,1,EPalElementType::Normal,EPalElementType::None,EPalGenusCategoryType::Bird,EPalOrganizationType::None,EPalWeaponType::None,FALSE,60,80,75,70,70,100,1,1,1,1090,Warlike,None,30,60,300,550,170,FALSE,FALSE,EPalBattleBGMType::Cute,FALSE,FALSE,150,1,2,25,90,1,FALSE,FALSE,0,TRUE,TRUE,100,50,1340,0,0,0,0,0,1,0,0,0,0,0,0,0,None,None,None,None,8,FALSE,,,18,SkillUnlock_ColorfulBird,,Launcher,100,110,130,160,200,,,,,,,,,,,,,,,,,,,,
Eikthyrdeer,Deer,None,None,None,TRUE,EPalTribeID::Deer,Deer,37,,EPalSizeType::L,4,EPalElementType::Normal,EPalElementType::None,EPalGenusCategoryType::FourLegged,EPalOrganizationType::None,EPalWeaponType::None,FALSE,95,70,80,80,100,100,1,1,1,2620,Escape_to_Battle,None,80,120,700,900,390,FALSE,FALSE,EPalBattleBGMType::Cute,FALSE,FALSE,350,1,5,25,90,1,FALSE,FALSE,0,FALSE,TRUE,100,50,920,0,0,0,0,0,0,2,0,0,0,0,0,0,None,None,None,None,9,FALSE,,,12,SkillUnlock_Deer,Saddle,,,,,,,TRUE,Ground,,,,,,,,,,,,,together,Logging_up2_Otomo_only,Logging_up3_Otomo_only,Logging_up4_Otomo_only,Logging_up5_Otomo_only,Logging_up6_Otomo_only
Eikthyrdeer Terra,Deer_Ground,None,None,None,TRUE,EPalTribeID::Deer_Ground,Deer_Ground,37,B,EPalSizeType::L,6,EPalElementType::Earth,EPalElementType::None,EPalGenusCategoryType::FourLegged,EPalOrganizationType::None,EPalWeaponType::None,FALSE,95,70,80,80,100,100,1,1,1,2680,Escape_to_Battle,None,80,120,700,900,390,FALSE,FALSE,EPalBattleBGMType::Cute,FALSE,FALSE,350,1,5,25,90,1,FALSE,FALSE,0,FALSE,TRUE,100,50,900,0,0,0,0,0,0,2,0,0,0,0,0,0,None,None,None,None,10,TRUE,,B,25,SkillUnlock_Deer_Ground,Saddle,,,,,,,TRUE,Ground,,,,,,,,,,,,,together,Logging_up2_Otomo_only,Logging_up3_Otomo_only,Logging_up4_Otomo_only,Logging_up5_Otomo_only,Logging_up6_Otomo_only
Digtoise,DrillGame,None,None,None,TRUE,EPalTribeID::DrillGame,DrillGame,67,,EPalSizeType::M,5,EPalElementType::Earth,EPalElementType::None,EPalGenusCategoryType::FourLegged,EPalOrganizationType::None,EPalWeaponType::None,FALSE,80,80,95,120,100,100,1,1,1,2980,Warlike,None,75,120,300,420,190,FALSE,FALSE,EPalBattleBGMType::Cool,FALSE,FALSE,350,1,5,25,90,1,FALSE,FALSE,5,TRUE,TRUE,100,50,850,0,0,0,0,0,0,0,3,0,0,0,0,0,Deffence_up1,None,None,None,11,FALSE,,,19,SkillUnlock_DrillGame,Headband,SpinningShell,1.1,1.3,1.6,2,2.5,,,,,,,,,,,,,,,,Mining_up_PartnerSkill_DrillGame,Mining_up_PartnerSkill_DrillGame,Mining_up_PartnerSkill_DrillGame,Mining_up_PartnerSkill_DrillGame,Mining_up_PartnerSkill_DrillGame
Galeclaw,Eagle,None,None,None,TRUE,EPalTribeID::Eagle,Eagle,47,,EPalSizeType::M,2,EPalElementType::Normal,EPalElementType::None,EPalGenusCategoryType::Bird,EPalOrganizationType::None,EPalWeaponType::None,FALSE,75,120,85,60,100,100,1,1,1,2010,Warlike,None,100,200,600,700,400,FALSE,FALSE,EPalBattleBGMType::Cute,FALSE,FALSE,300,1,4,25,90,1,FALSE,FALSE,1,TRUE,TRUE,100,50,1030,0,0,0,0,0,2,0,0,0,0,0,0,0,None,None,None,None,12,FALSE,,,23,SkillUnlock_Eagle,Gloves,,,,,,,,,,,,,,,,,,,,,,,,,,
Grizzbolt,ElecPanda,None,None,None,TRUE,EPalTribeID::ElecPanda,ElecPanda,103,B,EPalSizeType::L,8,EPalElementType::Electricity,EPalElementType::None,EPalGenusCategoryType::Humanoid,EPalOrganizationType::None,EPalWeaponType::None,FALSE,105,120,100,100,100,100,1,1,1,7720,Warlike,None,80,140,470,550,210,FALSE,FALSE,EPalBattleBGMType::Cool,FALSE,FALSE,475,1,7,25,90,1,FALSE,FALSE,5,TRUE,TRUE,100,50,200,0,0,0,3,2,0,2,0,0,0,0,3,0,None,None,None,None,13,TRUE,,,40,SkillUnlock_ElecPanda,Saddle,UniqueRideShooting_Minigun,6,6.6,7.8,9.6,12,TRUE,Ground,,,,,,,,,,,,,,,,,,
Teafant,Ganesha,None,None,None,TRUE,EPalTribeID::Ganesha,Ganesha,16,,EPalSizeType::M,1,EPalElementType::Water,EPalElementType::None,EPalGenusCategoryType::FourLegged,EPalOrganizationType::None,EPalWeaponType::None,FALSE,70,70,60,70,100,100,1.6,1.3,1,1000,Escape_to_Battle,None,30,60,300,400,180,FALSE,FALSE,EPalBattleBGMType::Cute,FALSE,FALSE,150,1,2,25,90,1,FALSE,FALSE,0,FALSE,TRUE,100,50,1490,0,1,0,0,0,0,0,0,0,0,0,0,0,None,None,None,None,14,FALSE,,,,,,Heal,200,220,260,320,400,,,,,,,,,,,,,,,,,,,,
Direhowl,Garm,None,None,None,TRUE,EPalTribeID::Garm,Garm,26,,EPalSizeType::S,2,EPalElementType::Normal,EPalElementType::None,EPalGenusCategoryType::FourLegged,EPalOrganizationType::None,EPalWeaponType::None,FALSE,80,110,90,75,100,100,1,1,1,1920,Warlike,None,90,180,800,1050,460,FALSE,FALSE,EPalBattleBGMType::Cute,FALSE,FALSE,225,1,3,25,90,1,FALSE,FALSE,3,TRUE,TRUE,70,50,1060,0,0,0,0,0,1,0,0,0,0,0,0,0,None,None,None,None,15,FALSE,,,9,SkillUnlock_Garm,Saddle,,,,,,,TRUE,Ground,,,,,,,,,,,,,mounted,,MoveSpeed_up_PartnerSkill_Ride_1,MoveSpeed_up_PartnerSkill_Ride_2,MoveSpeed_up_PartnerSkill_Ride_3,MoveSpeed_up_PartnerSkill_Ride_4
Gorirat,Gorilla,None,None,None,TRUE,EPalTribeID::Gorilla,Gorilla,49,,EPalSizeType::S,5,EPalElementType::Normal,EPalElementType::None,EPalGenusCategoryType::Humanoid,EPalOrganizationType::None,EPalWeaponType::None,FALSE,90,110,95,90,100,100,1,1,1,2010,Warlike,None,66,100,550,720,250,FALSE,FALSE,EPalBattleBGMType::Cool,FALSE,FALSE,225,1,3,25,90,1,FALSE,FALSE,3,TRUE,TRUE,100,50,1040,0,0,0,0,1,0,2,0,0,0,0,3,0,PAL_rude,None,None,None,16,FALSE,,,,,,Berserk,,,,,,,,,,,,,,,,,,,,skill buff,Attack_ACC_up1_Gorilla,Attack_ACC_up2_Gorilla,Attack_ACC_up3_Gorilla,Attack_ACC_up4_Gorilla,Attack_ACC_up5_Gorilla
Jolthog,Hedgehog,None,None,None,TRUE,EPalTribeID::Hedgehog,Hedgehog,12,,EPalSizeType::XS,1,EPalElementType::Electricity,EPalElementType::None,EPalGenusCategoryType::FourLegged,EPalOrganizationType::None,EPalWeaponType::None,FALSE,70,70,75,70,100,100,1.3,1.2,1,1060,Escape_to_Battle,None,30,60,400,550,215,FALSE,FALSE,EPalBattleBGMType::Cute,FALSE,FALSE,150,1,2,25,90,1,TRUE,FALSE,0,FALSE,TRUE,100,50,1370,0,0,0,1,0,0,0,0,0,0,0,0,0,None,None,None,None,17,FALSE,,,8,SkillUnlock_Hedgehog,,Grenade,100,110,130,160,200,,,,,,,,,,,,,,,,,,,,
Jolthog Cryst,Hedgehog_Ice,None,None,None,TRUE,EPalTribeID::Hedgehog_Ice,Hedgehog_Ice,12,B,EPalSizeType::XS,2,EPalElementType::Ice,EPalElementType::None,EPalGenusCategoryType::FourLegged,EPalOrganizationType::None,EPalWeaponType::None,FALSE,70,70,75,80,100,100,1,1,1,1070,Escape_to_Battle,None,30,60,400,550,215,FALSE,FALSE,EPalBattleBGMType::Cute,FALSE,FALSE,150,1,2,25,90,1,TRUE,FALSE,0,FALSE,TRUE,100,50,1360,0,0,0,0,0,0,0,0,0,0,1,0,0,None,None,None,None,18,TRUE,,B,11,SkillUnlock_Hedgehog_Ice,Gloves,Grenade,100,110,130,160,200,,,,,,,,,,,,,,,,,,,,
Univolt,Kirin,None,None,None,TRUE,EPalTribeID::Kirin,Kirin,56,,EPalSizeType::M,5,EPalElementType::Electricity,EPalElementType::None,EPalGenusCategoryType::FourLegged,EPalOrganizationType::None,EPalWeaponType::None,FALSE,80,110,105,105,100,100,1,0.9,1,4280,NotInterested,None,80,130,720,1100,425,FALSE,FALSE,EPalBattleBGMType::Cool,FALSE,FALSE,350,1,5,25,90,1,FALSE,FALSE,5,FALSE,TRUE,100,50,680,0,0,0,2,0,0,1,0,0,0,0,0,0,None,None,None,None,19,FALSE,,,14,SkillUnlock_Kirin,Saddle,,,,,,,TRUE,Ground,together,GiveAElectricity_Ride,GiveAElectricity_Ride,GiveAElectricity_Ride,GiveAElectricity_Ride,GiveAElectricity_Ride,,,,,,,,GiveElement_TrainerATK_UP_PartnerSkill_Ride_1,GiveElement_TrainerATK_UP_PartnerSkill_Ride_2,GiveElement_TrainerATK_UP_PartnerSkill_Ride_3,GiveElement_TrainerATK_UP_PartnerSkill_Ride_4,GiveElement_TrainerATK_UP_PartnerSkill_Ride_5
Foxparks,Kitsunebi,None,None,None,TRUE,EPalTribeID::Kitsunebi,Kitsunebi,5,,EPalSizeType::XS,1,EPalElementType::Fire,EPalElementType::None,EPalGenusCategoryType::FourLegged,EPalOrganizationType::None,EPalWeaponType::None,FALSE,65,70,75,70,100,100,1.3,1.1,1,1040,Escape_to_Battle,None,40,80,400,550,240,FALSE,FALSE,EPalBattleBGMType::Cute,FALSE,FALSE,150,1,2,25,90,1,TRUE,FALSE,0,FALSE,TRUE,100,50,1400,1,0,0,0,0,0,0,0,0,0,0,0,0,None,None,None,None,20,FALSE,,,6,SkillUnlock_Kitsuneb,Harness,Flamethrower,10,11,13,16,20,,,,,,,,,,,,,,,,,,,,
Bristla,LittleBriarRose,None,None,None,TRUE,EPalTribeID::LittleBriarRose,LittleBriarRose,30,,EPalSizeType::S,1,EPalElementType::Leaf,EPalElementType::None,EPalGenusCategoryType::Humanoid,EPalOrganizationType::None,EPalWeaponType::None,FALSE,80,80,80,80,100,100,1,1,1,1140,Escape_to_Battle,None,50,100,400,550,250,FALSE,FALSE,EPalBattleBGMType::Cute,FALSE,FALSE,350,1,5,25,90,1,FALSE,FALSE,0,FALSE,TRUE,100,50,1320,0,0,1,0,1,1,0,0,0,2,0,1,0,None,None,None,None,21,FALSE,,,,,,,,,,,,,,,,,,,,,,,,,,Leaf Pal,PAL_ElementPassive_Test,PAL_ElementPassive_1,PAL_ElementPassive_2,PAL_ElementPassive_3,PAL_ElementPassive_4
Lunaris,Mutant,None,None,None,TRUE,EPalTribeID::Mutant,Mutant,63,,EPalSizeType::M,6,EPalElementType::Normal,EPalElementType::None,EPalGenusCategoryType::Humanoid,EPalOrganizationType::None,EPalWeaponType::None,FALSE,90,80,100,90,100,100,1,1,1,1760,NotInterested,None,80,130,500,650,315,FALSE,FALSE,EPalBattleBGMType::Cool,FALSE,FALSE,150,1,2,25,90,1,FALSE,FALSE,3,FALSE,TRUE,100,50,1110,0,0,0,0,3,1,0,0,0,0,0,1,0,None,None,None,None,22,FALSE,,,,,,,,,,,,,,,,,,,,,,,,,,,MaxInventoryWeight_up_Partnerskill_4,MaxInventoryWeight_up_Partnerskill_5,MaxInventoryWeight_up_Partnerskill_6,MaxInventoryWeight_up_Partnerskill_7,MaxInventoryWeight_up_Partnerskill_8
Pengullet,Penguin,None,None,None,TRUE,EPalTribeID::Penguin,Penguin,10,,EPalSizeType::XS,1,EPalElementType::Water,EPalElementType::Ice,EPalGenusCategoryType::Humanoid,EPalOrganizationType::None,EPalWeaponType::None,FALSE,70,70,75,70,100,100,1,0.9,1,1080,Escape_to_Battle,None,30,60,500,650,265,FALSE,FALSE,EPalBattleBGMType::Cute,FALSE,FALSE,150,1,2,25,90,1,TRUE,FALSE,0,FALSE,TRUE,100,50,1350,0,1,0,0,1,0,0,0,0,0,1,1,0,None,None,None,None,23,FALSE,,,17,SkillUnlock_Penguin,Launcher,RocketLauncher,250,285,325,400,500,,,,,,,,,,,,,,,,,,,,
Dazzi,RaijinDaughter,None,None,None,TRUE,EPalTribeID::RaijinDaughter,RaijinDaughter,62,,EPalSizeType::XS,2,EPalElementType::Electricity,EPalElementType::None,EPalGenusCategoryType::Humanoid,EPalOrganizationType::None,EPalWeaponType::None,FALSE,70,110,80,70,100,100,1,1,1,1390,Escape_to_Battle,None,120,200,400,550,300,FALSE,FALSE,EPalBattleBGMType::Cute,FALSE,FALSE,150,1,2,25,90,1,FALSE,FALSE,0,FALSE,TRUE,100,20,1210,0,0,0,1,1,0,0,0,0,0,0,1,0,None,None,None,None,24,FALSE,,,22,SkillUnlock_RaijinDaughter,Choker,Funnel_RaijinDaughter,1,1.1,1.3,1.6,2,,,,,,,,,,,,,,,,,,,,
Gobfin,SharkKid,None,None,None,TRUE,EPalTribeID::SharkKid,SharkKid,31,,EPalSizeType::S,2,EPalElementType::Water,EPalElementType::None,EPalGenusCategoryType::Humanoid,EPalOrganizationType::None,EPalWeaponType::None,FALSE,90,90,90,75,100,100,1,1,1,1840,Warlike,None,50,80,400,500,120,FALSE,FALSE,EPalBattleBGMType::Cute,FALSE,FALSE,225,1,3,25,90,1,FALSE,FALSE,3,TRUE,TRUE,100,50,1090,0,2,0,0,1,0,0,0,0,0,0,1,0,None,None,None,None,25,FALSE,,,,,,WaterGun,1.1,1.3,1.6,2,2.5,,,,,,,,,,,,,,,,TrainerATK_UP_PartnerSkill_1,TrainerATK_UP_PartnerSkill_2,TrainerATK_UP_PartnerSkill_3,TrainerATK_UP_PartnerSkill_4,TrainerATK_UP_PartnerSkill_5
Gobfin Ignis,SharkKid_Fire,None,None,None,TRUE,EPalTribeID::SharkKid_Fire,SharkKid_Fire,31,B,EPalSizeType::S,3,EPalElementType::Fire,EPalElementType::None,EPalGenusCategoryType::Humanoid,EPalOrganizationType::None,EPalWeaponType::None,FALSE,90,90,90,75,100,100,1,1,1,1800,Warlike,None,50,80,400,500,120,FALSE,FALSE,EPalBattleBGMType::Cute,FALSE,FALSE,225,1,3,25,90,1,FALSE,FALSE,3,TRUE,TRUE,100,50,1100,2,0,0,0,1,0,0,0,0,0,0,1,0,None,None,None,None,26,TRUE,,B,,,,FireSeed,1.1,1.3,1.6,2,2.5,,,,,,,,,,,,,,,,TrainerATK_UP_PartnerSkill_1,TrainerATK_UP_PartnerSkill_2,TrainerATK_UP_PartnerSkill_3,TrainerATK_UP_PartnerSkill_4,TrainerATK_UP_PartnerSkill_5
Lamball,SheepBall,None,None,None,TRUE,EPalTribeID::SheepBall,SheepBall,1,,EPalSizeType::XS,1,EPalElementType::Normal,EPalElementType::None,EPalGenusCategoryType::Humanoid,EPalOrganizationType::None,EPalWeaponType::None,FALSE,70,70,70,70,100,100,2,1.5,1,1000,Friendly,None,23,40,400,550,160,FALSE,FALSE,EPalBattleBGMType::Cute,FALSE,FALSE,150,1,2,25,90,1,TRUE,FALSE,0,FALSE,TRUE,100,50,1470,0,0,0,0,1,0,0,0,0,0,0,1,1,None,None,None,None,27,FALSE,,,,,,Shiled,,,,,,,,in base,CollectItem_Wool_SheepBall,,,,,,,,,,,,CharacterSpawnItem_Wool_1,CharacterSpawnItem_Wool_2,CharacterSpawnItem_Wool_3,CharacterSpawnItem_Wool_4,CharacterSpawnItem_Wool_5
Jormuntide,Umihebi,None,None,None,TRUE,EPalTribeID::Umihebi,Umihebi,101,,EPalSizeType::XL,8,EPalElementType::Dragon,EPalElementType::Water,EPalGenusCategoryType::Fish,EPalOrganizationType::None,EPalWeaponType::None,FALSE,130,150,120,100,100,100,1,1,1,9320,Warlike,None,100,175,525,700,350,FALSE,FALSE,EPalBattleBGMType::Strong,FALSE,FALSE,475,1,7,25,90,1,FALSE,FALSE,5,TRUE,TRUE,100,50,310,0,4,0,0,0,0,0,0,0,0,0,0,0,ElementBoost_Aqua_2_PAL,None,None,None,28,FALSE,,,39,SkillUnlock_Umihebi,Saddle,,,,,,,TRUE,Swim,,,,,,,,,,,,,mounted,,MoveSpeed_up_PartnerSkill_Ride_1,MoveSpeed_up_PartnerSkill_Ride_2,MoveSpeed_up_PartnerSkill_Ride_3,MoveSpeed_up_PartnerSkill_Ride_4
Jormuntide Ignis,Umihebi_Fire,None,None,None,TRUE,EPalTribeID::Umihebi_Fire,Umihebi_Fire,101,B,EPalSizeType::XL,9,EPalElementType::Dragon,EPalElementType::Fire,EPalGenusCategoryType::Fish,EPalOrganizationType::None,EPalWeaponType::None,FALSE,130,150,130,100,100,100,1,1,1,9500,Warlike,None,100,175,525,700,350,FALSE,FALSE,EPalBattleBGMType::Strong,FALSE,FALSE,475,1,7,25,90,1,FALSE,FALSE,5,TRUE,TRUE,100,50,315,4,0,0,0,0,0,0,0,0,0,0,0,0,None,None,None,None,29,TRUE,,B,43,SkillUnlock_Umihebi_Fire,Saddle,,,,,,,TRUE,Swim,,,,,,,,,,,,,,ElementBoost_Fire_PAL_PartnerSKill_1,ElementBoost_Fire_PAL_PartnerSKill_2,ElementBoost_Fire_PAL_PartnerSKill_3,ElementBoost_Fire_PAL_PartnerSKill_4,ElementBoost_Fire_PAL_PartnerSKill_5
Loupmoon,Werewolf,None,None,None,TRUE,EPalTribeID::Werewolf,Werewolf,46,,EPalSizeType::M,3,EPalElementType::Dark,EPalElementType::None,EPalGenusCategoryType::Humanoid,EPalOrganizationType::None,EPalWeaponType::None,FALSE,80,130,100,80,100,100,1,1,1,2400,Warlike,None,100,150,600,800,375,FALSE,FALSE,EPalBattleBGMType::Cool,FALSE,FALSE,350,1,5,25,90,1,FALSE,TRUE,3,TRUE,TRUE,100,50,950,0,0,0,0,2,0,0,0,0,0,0,0,0,None,None,None,None,30,FALSE,,,,,,Unique_Werewolf_Scratch,1.1,1.3,1.6,2,2.5,,,,,,,,,,,,,,,,,,,,
Hangyu,WindChimes,None,None,None,TRUE,EPalTribeID::WindChimes,WindChimes,32,,EPalSizeType::XS,1,EPalElementType::Earth,EPalElementType::None,EPalGenusCategoryType::Other,EPalOrganizationType::None,EPalWeaponType::None,FALSE,80,70,70,70,100,100,1,1,1,1020,Escape_to_Battle,None,50,100,400,550,250,FALSE,FALSE,EPalBattleBGMType::Cute,FALSE,FALSE,150,1,2,25,90,1,FALSE,FALSE,0,FALSE,TRUE,100,50,1420,0,0,0,0,1,1,0,0,0,0,0,2,0,None,None,None,None,31,FALSE,,,20,SkillUnlock_WindChimes,Gloves,,,,,,,,,,,,,,,,,,,,,,,,,,
Hangyu Cryst,WindChimes_Ice,None,None,None,TRUE,EPalTribeID::WindChimes_Ice,WindChimes_Ice,32,B,EPalSizeType::XS,2,EPalElementType::Ice,EPalElementType::None,EPalGenusCategoryType::Other,EPalOrganizationType::None,EPalWeaponType::None,FALSE,80,70,80,70,100,100,1,1,1,1020,Escape_to_Battle,None,50,100,400,550,250,FALSE,FALSE,EPalBattleBGMType::Cute,FALSE,FALSE,150,1,2,25,90,1,FALSE,FALSE,0,FALSE,TRUE,100,50,1422,0,0,0,0,1,1,0,0,0,0,1,2,0,None,None,None,None,32,TRUE,,B,31,SkillUnlock_WindChimes_Ice,Gloves,,,,,,,,,,,,,,,,,,,,,,,,,,
Suzaku,Suzaku,None,None,None,TRUE,EPalTribeID::Suzaku,Suzaku,102,,EPalSizeType::XL,8,EPalElementType::Fire,EPalElementType::None,EPalGenusCategoryType::Bird,EPalOrganizationType::None,EPalWeaponType::None,FALSE,120,100,105,105,100,100,1,1,1,9840,Warlike,None,100,200,850,1100,450,FALSE,FALSE,EPalBattleBGMType::Strong,FALSE,FALSE,525,1,8,25,90,1,FALSE,FALSE,5,FALSE,TRUE,350,50,50,3,0,0,0,0,0,0,0,0,0,0,0,0,None,None,None,None,33,FALSE,,,40,SkillUnlock_Suzaku,Saddle,,,,,,,TRUE,Fly,,,,,,,,,,,,,,ElementBoost_Fire_PAL_PartnerSKill_1,ElementBoost_Fire_PAL_PartnerSKill_2,ElementBoost_Fire_PAL_PartnerSKill_3,ElementBoost_Fire_PAL_PartnerSKill_4,ElementBoost_Fire_PAL_PartnerSKill_5
Suzaku Aqua,Suzaku_Water,None,None,None,TRUE,EPalTribeID::Suzaku_Water,Suzaku_Water,102,B,EPalSizeType::XL,9,EPalElementType::Water,EPalElementType::None,EPalGenusCategoryType::Bird,EPalOrganizationType::None,EPalWeaponType::None,FALSE,125,100,105,105,100,100,1,1,1,10110,Warlike,None,100,200,850,1100,450,FALSE,FALSE,EPalBattleBGMType::Strong,FALSE,FALSE,525,1,8,25,90,1,FALSE,FALSE,5,FALSE,TRUE,350,50,30,0,3,0,0,0,0,0,0,0,0,0,0,0,None,None,None,None,34,TRUE,,B,43,SkillUnlock_Suzaku_Water,Saddle,,,,,,,TRUE,Fly,,,,,,,,,,,,,,ElementBoost_Water_PAL_PartnerSKill_1,ElementBoost_Water_PAL_PartnerSKill_2,ElementBoost_Water_PAL_PartnerSKill_3,ElementBoost_Water_PAL_PartnerSKill_4,ElementBoost_Water_PAL_PartnerSKill_5
Pyrin,FireKirin,None,None,None,TRUE,EPalTribeID::FireKirin,FireKirin,58,,EPalSizeType::L,6,EPalElementType::Fire,EPalElementType::None,EPalGenusCategoryType::FourLegged,EPalOrganizationType::None,EPalWeaponType::None,FALSE,100,110,95,90,100,100,1,1,1,6720,Warlike,None,100,150,850,1300,500,FALSE,FALSE,EPalBattleBGMType::Cool,FALSE,FALSE,350,1,5,25,90,1,FALSE,FALSE,5,FALSE,TRUE,100,50,360,2,0,0,0,0,0,1,0,0,0,0,0,0,None,None,None,None,35,FALSE,,,30,SkillUnlock_FireKirin,Saddle,,,,,,,TRUE,Ground,together,GiveAFire_Ride,GiveAFire_Ride,GiveAFire_Ride,GiveAFire_Ride,GiveAFire_Ride,,,,,,,,GiveElement_TrainerATK_UP_PartnerSkill_Ride_1,GiveElement_TrainerATK_UP_PartnerSkill_Ride_2,GiveElement_TrainerATK_UP_PartnerSkill_Ride_3,GiveElement_TrainerATK_UP_PartnerSkill_Ride_4,GiveElement_TrainerATK_UP_PartnerSkill_Ride_5
Pyrin Noct,FireKirin_Dark,None,None,None,TRUE,EPalTribeID::FireKirin_Dark,FireKirin_Dark,58,B,EPalSizeType::L,7,EPalElementType::Fire,EPalElementType::Dark,EPalGenusCategoryType::FourLegged,EPalOrganizationType::None,EPalWeaponType::None,FALSE,100,110,95,90,100,100,1,1,1,7270,Warlike,None,100,150,850,1300,500,FALSE,FALSE,EPalBattleBGMType::Cool,FALSE,FALSE,350,1,5,25,90,1,FALSE,TRUE,5,FALSE,TRUE,100,50,240,2,0,0,0,0,0,1,0,0,0,0,0,0,None,None,None,None,36,TRUE,,B,33,SkillUnlock_FireKirin_Dark,Saddle,,,,,,,TRUE,Ground,together,GiveADark_Ride,GiveADark_Ride,GiveADark_Ride,GiveADark_Ride,GiveADark_Ride,,,,,,,,GiveElement_TrainerATK_UP_PartnerSkill_Ride_1,GiveElement_TrainerATK_UP_PartnerSkill_Ride_2,GiveElement_TrainerATK_UP_PartnerSkill_Ride_3,GiveElement_TrainerATK_UP_PartnerSkill_Ride_4,GiveElement_TrainerATK_UP_PartnerSkill_Ride_5
Elphidran,FairyDragon,None,None,None,TRUE,EPalTribeID::FairyDragon,FairyDragon,80,,EPalSizeType::L,7,EPalElementType::Dragon,EPalElementType::None,EPalGenusCategoryType::Humanoid,EPalOrganizationType::None,EPalWeaponType::None,FALSE,110,80,80,90,100,100,1,1,1,5230,Escape_to_Battle,None,83,83,630,800,456,FALSE,FALSE,EPalBattleBGMType::Cool,FALSE,FALSE,400,1,6,25,90,1,FALSE,FALSE,5,FALSE,TRUE,130,50,540,0,0,0,0,0,0,2,0,0,0,0,0,0,None,None,None,None,37,FALSE,,,21,SkillUnlock_FairyDragon,Saddle,,,,,,,TRUE,Fly+Land,,,,,,,,,,,,,,ElementAddDrop_Dark_1_PAL,ElementAddDrop_Dark_2_PAL,ElementAddDrop_Dark_3_PAL,ElementAddDrop_Dark_4_PAL,ElementAddDrop_Dark_5_PAL
Elphidran Aqua,FairyDragon_Water,None,None,None,TRUE,EPalTribeID::FairyDragon_Water,FairyDragon_Water,80,B,EPalSizeType::L,8,EPalElementType::Dragon,EPalElementType::Water,EPalGenusCategoryType::Humanoid,EPalOrganizationType::None,EPalWeaponType::None,FALSE,115,80,80,95,100,100,1,1,1,5320,Escape_to_Battle,None,83,83,630,800,456,FALSE,FALSE,EPalBattleBGMType::Cool,FALSE,FALSE,400,1,6,25,90,1,FALSE,FALSE,5,FALSE,TRUE,130,50,530,0,3,0,0,0,0,2,0,0,0,0,0,0,None,None,None,None,38,TRUE,,B,28,SkillUnlock_FairyDragon_Water,Saddle,,,,,,,TRUE,Fly+Land,,,,,,,,,,,,,,ElementAddDrop_Fire_1_PAL,ElementAddDrop_Fire_2_PAL,ElementAddDrop_Fire_3_PAL,ElementAddDrop_Fire_4_PAL,ElementAddDrop_Fire_5_PAL
Woolipop,SweetsSheep,None,None,None,TRUE,EPalTribeID::SweetsSheep,SweetsSheep,34,,EPalSizeType::S,3,EPalElementType::Normal,EPalElementType::None,EPalGenusCategoryType::FourLegged,EPalOrganizationType::None,EPalWeaponType::None,FALSE,70,70,70,90,100,100,1,1,1,1450,Escape_to_Battle,None,50,100,300,400,200,FALSE,FALSE,EPalBattleBGMType::Cute,FALSE,FALSE,150,1,2,25,90,1,FALSE,FALSE,0,FALSE,TRUE,100,50,1190,0,0,0,0,0,0,0,0,0,0,0,0,1,None,None,None,None,39,FALSE,,,,,,,,,,,,,,,,,,,,,,,,,,,CharacterSpawnItem_Sweets_1,CharacterSpawnItem_Sweets_2,CharacterSpawnItem_Sweets_3,CharacterSpawnItem_Sweets_4,CharacterSpawnItem_Sweets_5
Cryolinx,WhiteTiger,None,None,None,TRUE,EPalTribeID::WhiteTiger,WhiteTiger,83,,EPalSizeType::L,7,EPalElementType::Ice,EPalElementType::None,EPalGenusCategoryType::Humanoid,EPalOrganizationType::None,EPalWeaponType::None,FALSE,100,140,100,110,100,100,1,1,1,8440,Warlike,None,100,280,720,900,460,FALSE,FALSE,EPalBattleBGMType::Strong,FALSE,FALSE,475,1,7,25,90,1,FALSE,FALSE,5,TRUE,TRUE,100,50,130,0,0,0,0,1,0,2,0,0,0,3,0,0,None,None,None,None,40,FALSE,,,,,,,,,,,,,,,,,,,,,,,,,,,ElementAddDrop_Dragon_1_PAL,ElementAddDrop_Dragon_2_PAL,ElementAddDrop_Dragon_3_PAL,ElementAddDrop_Dragon_4_PAL,ElementAddDrop_Dragon_5_PAL
Melpaca,Alpaca,None,None,None,TRUE,EPalTribeID::Alpaca,Alpaca,36,,EPalSizeType::M,3,EPalElementType::Normal,EPalElementType::None,EPalGenusCategoryType::FourLegged,EPalOrganizationType::None,EPalWeaponType::None,FALSE,90,90,75,90,100,100,1.1,1,1,2740,Escape_to_Battle,None,62,62,460,800,261,FALSE,FALSE,EPalBattleBGMType::Cute,FALSE,FALSE,225,1,3,25,90,1,FALSE,FALSE,0,FALSE,TRUE,100,50,890,0,0,0,0,0,0,0,0,0,0,0,0,1,None,None,None,None,41,FALSE,,,7,SkillUnlock_Alpaca,Saddle,,,,,,,TRUE,Ground,,,,,,,,,,,,,,CharacterSpawnItem_Alpaca_1,CharacterSpawnItem_Alpaca_2,CharacterSpawnItem_Alpaca_3,CharacterSpawnItem_Alpaca_4,CharacterSpawnItem_Alpaca_5
Surfent,Serpent,None,None,None,TRUE,EPalTribeID::Serpent,Serpent,65,,EPalSizeType::M,4,EPalElementType::Water,EPalElementType::None,EPalGenusCategoryType::Fish,EPalOrganizationType::None,EPalWeaponType::None,FALSE,90,70,90,80,100,100,1,1,1,5050,Warlike,None,100,200,500,650,350,FALSE,FALSE,EPalBattleBGMType::Cool,FALSE,FALSE,350,1,5,25,90,1,FALSE,FALSE,3,TRUE,TRUE,100,50,560,0,2,0,0,0,0,0,0,0,0,0,0,0,None,None,None,None,42,FALSE,,,10,SkillUnlock_Serpent,Saddle,,,,,,,TRUE,Swim,,,,,,,,,,,,,mounted,,MoveSpeed_up_PartnerSkill_Ride_1,MoveSpeed_up_PartnerSkill_Ride_2,MoveSpeed_up_PartnerSkill_Ride_3,MoveSpeed_up_PartnerSkill_Ride_4
Surfent Terra,Serpent_Ground,None,None,None,TRUE,EPalTribeID::Serpent_Ground,Serpent_Ground,65,B,EPalSizeType::M,5,EPalElementType::Earth,EPalElementType::None,EPalGenusCategoryType::Fish,EPalOrganizationType::None,EPalWeaponType::None,FALSE,90,70,90,100,100,100,1,1,1,5140,Warlike,None,100,200,500,650,350,FALSE,FALSE,EPalBattleBGMType::Cool,FALSE,FALSE,350,1,5,25,90,1,FALSE,FALSE,3,TRUE,TRUE,100,50,550,0,0,0,0,0,1,0,0,0,0,0,0,0,None,None,None,None,43,TRUE,,B,24,SkillUnlock_Serpent_Ground,Saddle,,,,,,,TRUE,Ground,,,,,,,,,,,,,mounted,,MoveSpeed_up_PartnerSkill_Ride_1,MoveSpeed_up_PartnerSkill_Ride_2,MoveSpeed_up_PartnerSkill_Ride_3,MoveSpeed_up_PartnerSkill_Ride_4
Cawgnito,DarkCrow,None,None,None,TRUE,EPalTribeID::DarkCrow,DarkCrow,44,,EPalSizeType::M,3,EPalElementType::Dark,EPalElementType::None,EPalGenusCategoryType::Bird,EPalOrganizationType::None,EPalWeaponType::None,FALSE,75,80,95,80,100,100,1,1,1,1840,NotInterested,None,85,170,920,1200,545,FALSE,FALSE,EPalBattleBGMType::Cool,FALSE,FALSE,350,1,5,25,90,1,FALSE,TRUE,3,TRUE,TRUE,100,50,1080,0,0,0,0,0,0,1,0,0,0,0,0,0,None,None,None,None,44,FALSE,,,,,,Unique_DarkCrow_TelePoke,1.1,1.3,1.6,2,2.5,,,,,,,,,,,,,,,,,,,,
Azurobe,BlueDragon,None,None,None,TRUE,EPalTribeID::BlueDragon,BlueDragon,82,,EPalSizeType::L,7,EPalElementType::Water,EPalElementType::Dragon,EPalGenusCategoryType::Fish,EPalOrganizationType::None,EPalWeaponType::None,FALSE,110,70,100,100,100,100,1,1,1,5600,Escape_to_Battle,None,75,150,600,800,350,FALSE,FALSE,EPalBattleBGMType::Cool,FALSE,FALSE,400,1,6,25,90,1,FALSE,FALSE,5,FALSE,TRUE,100,50,500,0,3,0,0,0,0,0,0,0,0,0,0,0,None,None,None,None,45,FALSE,,,24,SkillUnlock_BlueDragon,Saddle,,,,,,,TRUE,Swim,together,GiveAWater_Ride,GiveAWater_Ride,GiveAWater_Ride,GiveAWater_Ride,GiveAWater_Ride,,,,,,,,GiveElement_TrainerATK_UP_PartnerSkill_Ride_1,GiveElement_TrainerATK_UP_PartnerSkill_Ride_2,GiveElement_TrainerATK_UP_PartnerSkill_Ride_3,GiveElement_TrainerATK_UP_PartnerSkill_Ride_4,GiveElement_TrainerATK_UP_PartnerSkill_Ride_5
Cattiva,PinkCat,None,None,None,TRUE,EPalTribeID::PinkCat,PinkCat,2,,EPalSizeType::XS,1,EPalElementType::Normal,EPalElementType::None,EPalGenusCategoryType::Humanoid,EPalOrganizationType::None,EPalWeaponType::None,FALSE,70,70,70,70,100,100,2,1.5,1,1000,Escape_to_Battle,None,30,60,400,550,160,FALSE,FALSE,EPalBattleBGMType::Cute,FALSE,FALSE,150,1,2,25,90,1,TRUE,FALSE,0,FALSE,TRUE,100,50,1460,0,0,0,0,1,1,0,1,0,0,0,1,0,PAL_ALLAttack_down1,None,None,None,46,FALSE,,,,,,,,,,,,,,,,,,,,,,,,,,,MaxInventoryWeight_up_Partnerskill_1,MaxInventoryWeight_up_Partnerskill_2,MaxInventoryWeight_up_Partnerskill_3,MaxInventoryWeight_up_Partnerskill_4,MaxInventoryWeight_up_Partnerskill_5
Depresso,NegativeKoala,None,None,None,TRUE,EPalTribeID::NegativeKoala,NegativeKoala,17,,EPalSizeType::XS,1,EPalElementType::Dark,EPalElementType::None,EPalGenusCategoryType::Humanoid,EPalOrganizationType::None,EPalWeaponType::None,FALSE,70,70,70,70,100,100,1.2,1,1,1050,Warlike,None,10,10,300,400,100,FALSE,FALSE,EPalBattleBGMType::Cute,FALSE,FALSE,150,1,2,25,90,1,TRUE,TRUE,0,FALSE,TRUE,100,50,1380,0,0,0,0,1,0,0,1,0,0,0,1,0,None,None,None,None,47,FALSE,,,,,,NightRunner,?,2,3,5,10,,,,,,,,,,,,,,,,,,,,
Fenglope,FengyunDeeper,None,None,None,TRUE,EPalTribeID::FengyunDeeper,FengyunDeeper,93,,EPalSizeType::S,3,EPalElementType::Normal,EPalElementType::None,EPalGenusCategoryType::FourLegged,EPalOrganizationType::None,EPalWeaponType::None,FALSE,110,110,110,90,100,100,1,1,1,2250,NotInterested,None,85,100,750,1050,417,FALSE,FALSE,EPalBattleBGMType::Cute,FALSE,FALSE,400,1,6,25,90,1,FALSE,FALSE,5,FALSE,TRUE,100,50,980,0,0,0,0,0,0,2,0,0,0,0,0,0,None,None,None,None,48,FALSE,,,26,SkillUnlock_FengyunDeeper,Saddle,,,,,,,TRUE,Ground,,,,,,,,,,,,,,,MoveSpeed_up_PartnerSkill_Ride_1,MoveSpeed_up_PartnerSkill_Ride_2,MoveSpeed_up_PartnerSkill_Ride_3,MoveSpeed_up_PartnerSkill_Ride_4
Reptyro,VolcanicMonster,None,None,None,TRUE,EPalTribeID::VolcanicMonster,VolcanicMonster,88,,EPalSizeType::L,6,EPalElementType::Fire,EPalElementType::Earth,EPalGenusCategoryType::FourLegged,EPalOrganizationType::None,EPalWeaponType::None,FALSE,110,100,105,120,100,100,1,1,1,6940,Warlike,None,50,80,390,550,235,FALSE,FALSE,EPalBattleBGMType::Strong,FALSE,FALSE,350,1,5,25,90,1,FALSE,FALSE,5,TRUE,TRUE,100,50,320,3,0,0,0,0,0,0,3,0,0,0,0,0,None,None,None,None,49,FALSE,,,31,SkillUnlock_VolcanicMonster,Saddle,,,,,,,TRUE,Ground,,,,,,,,,,,,,together,Mining_up2_Otomo_only,Mining_up3_Otomo_only,Mining_up4_Otomo_only,Mining_up5_Otomo_only,Mining_up6_Otomo_only
Reptyro Cryst,VolcanicMonster_Ice,None,None,None,TRUE,EPalTribeID::VolcanicMonster_Ice,VolcanicMonster_Ice,88,B,EPalSizeType::L,7,EPalElementType::Ice,EPalElementType::Earth,EPalGenusCategoryType::FourLegged,EPalOrganizationType::None,EPalWeaponType::None,FALSE,110,100,105,130,100,100,1,1,1,7380,Warlike,None,50,80,390,550,235,FALSE,FALSE,EPalBattleBGMType::Strong,FALSE,FALSE,350,1,5,25,90,1,FALSE,FALSE,5,TRUE,TRUE,100,50,230,0,0,0,0,0,0,0,3,0,0,3,0,0,None,None,None,None,50,TRUE,,B,37,SkillUnlock_VolcanicMonster_Ice,Saddle,,,,,,,TRUE,Ground,,,,,,,,,,,,,together,Mining_up2_Otomo_only,Mining_up3_Otomo_only,Mining_up4_Otomo_only,Mining_up5_Otomo_only,Mining_up6_Otomo_only
Maraith,GhostBeast,None,None,None,TRUE,EPalTribeID::GhostBeast,GhostBeast,66,,EPalSizeType::M,6,EPalElementType::Dark,EPalElementType::None,EPalGenusCategoryType::FourLegged,EPalOrganizationType::None,EPalWeaponType::None,FALSE,75,50,105,80,100,100,1,1,1,1570,Warlike,None,100,160,600,800,365,FALSE,FALSE,EPalBattleBGMType::Strong,FALSE,FALSE,225,1,3,25,90,1,FALSE,TRUE,5,TRUE,TRUE,100,50,1150,0,0,0,0,0,2,0,1,0,0,0,0,0,None,None,None,None,51,FALSE,,,23,SkillUnlock_GhostBeast,Saddle,,,,,,,TRUE,Ground,together,GiveADark_Ride,GiveADark_Ride,GiveADark_Ride,GiveADark_Ride,GiveADark_Ride,,,,,,,,GiveElement_TrainerATK_UP_PartnerSkill_Ride_1,GiveElement_TrainerATK_UP_PartnerSkill_Ride_2,GiveElement_TrainerATK_UP_PartnerSkill_Ride_3,GiveElement_TrainerATK_UP_PartnerSkill_Ride_4,GiveElement_TrainerATK_UP_PartnerSkill_Ride_5
Robinquill,RobinHood,None,None,None,TRUE,EPalTribeID::RobinHood,RobinHood,48,,EPalSizeType::M,5,EPalElementType::Leaf,EPalElementType::None,EPalGenusCategoryType::Humanoid,EPalOrganizationType::None,EPalWeaponType::None,FALSE,90,100,105,80,100,100,1,1,1,2050,Warlike,None,100,100,600,750,400,FALSE,FALSE,EPalBattleBGMType::Cool,FALSE,FALSE,225,1,3,25,90,1,FALSE,FALSE,3,FALSE,TRUE,100,50,1020,0,0,1,0,2,2,1,0,0,1,0,2,0,None,None,None,None,52,FALSE,,,,,,,,,,,,,,,,,,,,,,,,,,,WeakDamage_ActiveOtomo,WeakDamage_ActiveOtomo_1,WeakDamage_ActiveOtomo_2,WeakDamage_ActiveOtomo_3,WeakDamage_ActiveOtomo_4
Robinquill Terra,RobinHood_Ground,None,None,None,TRUE,EPalTribeID::RobinHood_Ground,RobinHood_Ground,48,B,EPalSizeType::M,6,EPalElementType::Leaf,EPalElementType::Earth,EPalGenusCategoryType::Humanoid,EPalOrganizationType::None,EPalWeaponType::None,FALSE,90,100,105,80,100,100,1,1,1,2150,Warlike,None,100,100,600,750,400,FALSE,FALSE,EPalBattleBGMType::Cool,FALSE,FALSE,225,1,3,25,90,1,FALSE,FALSE,3,FALSE,TRUE,100,50,1000,0,0,0,0,2,2,1,0,0,1,0,2,0,None,None,None,None,53,TRUE,,B,,,,,,,,,,,,,,,,,,,,,,,,,WeakDamage_ActiveOtomo,WeakDamage_ActiveOtomo_1,WeakDamage_ActiveOtomo_2,WeakDamage_ActiveOtomo_3,WeakDamage_ActiveOtomo_4
Relaxaurus,LazyDragon,None,None,None,TRUE,EPalTribeID::LazyDragon,LazyDragon,85,,EPalSizeType::XL,8,EPalElementType::Dragon,EPalElementType::Water,EPalGenusCategoryType::Monster,EPalOrganizationType::None,EPalWeaponType::None,FALSE,110,110,100,70,100,100,1,1,1,10240,Warlike,None,40,60,650,800,150,FALSE,FALSE,EPalBattleBGMType::Cute,FALSE,FALSE,475,1,7,25,90,1,FALSE,FALSE,5,TRUE,TRUE,100,50,280,0,2,0,0,0,0,0,0,0,0,0,1,0,PAL_FullStomach_Up_1,None,None,None,54,FALSE,,,44,SkillUnlock_LazyDragon,Saddle,UniqueRideShooting_MultiMissile,10,11,13,16,20,TRUE,Ground,,,,,,,,,,,,,,,,,,
Relaxaurus Lux,LazyDragon_Electric,None,None,None,TRUE,EPalTribeID::LazyDragon_Electric,LazyDragon_Electric,85,B,EPalSizeType::XL,9,EPalElementType::Dragon,EPalElementType::Electricity,EPalGenusCategoryType::Monster,EPalOrganizationType::None,EPalWeaponType::None,FALSE,110,110,110,75,100,100,1,1,1,10380,Warlike,None,40,60,650,800,150,FALSE,FALSE,EPalBattleBGMType::Cute,FALSE,FALSE,475,1,7,25,90,1,FALSE,FALSE,5,TRUE,TRUE,100,50,270,0,0,0,3,0,0,0,0,0,0,0,1,0,None,None,None,None,55,TRUE,,B,46,SkillUnlock_LazyDragon_Electric,Saddle,UniqueRideShooting_MultiMissile,10,11,13,16,20,TRUE,Ground,,,,,,,,,,,,,,,,,,
Kitsun,AmaterasuWolf,None,None,None,TRUE,EPalTribeID::AmaterasuWolf,AmaterasuWolf,61,,EPalSizeType::M,6,EPalElementType::Fire,EPalElementType::None,EPalGenusCategoryType::FourLegged,EPalOrganizationType::None,EPalWeaponType::None,FALSE,100,70,115,100,110,100,1,1,1,3170,NotInterested,None,80,130,700,900,415,FALSE,FALSE,EPalBattleBGMType::Cool,FALSE,FALSE,300,1,4,25,90,1,FALSE,FALSE,5,TRUE,TRUE,100,50,830,2,0,0,0,0,0,0,0,0,0,0,0,0,None,None,None,None,56,FALSE,,,30,SkillUnlock_AmaterasuWolf,Saddle,,,,,,,TRUE,Ground,,TemperatureInvalid_Cold,TemperatureInvalid_Cold,TemperatureInvalid_Cold,TemperatureInvalid_Cold,TemperatureInvalid_Cold,,TemperatureInvalid_Heat,TemperatureInvalid_Heat,TemperatureInvalid_Heat,TemperatureInvalid_Heat,TemperatureInvalid_Heat,mounted,,MoveSpeed_up_PartnerSkill_Ride_1,MoveSpeed_up_PartnerSkill_Ride_2,MoveSpeed_up_PartnerSkill_Ride_3,MoveSpeed_up_PartnerSkill_Ride_4
Leezpunk,LizardMan,None,None,None,TRUE,EPalTribeID::LizardMan,LizardMan,45,,EPalSizeType::S,2,EPalElementType::Dark,EPalElementType::None,EPalGenusCategoryType::Humanoid,EPalOrganizationType::None,EPalWeaponType::None,FALSE,80,90,80,50,100,100,1,1,1,1720,Warlike,None,100,140,600,800,270,FALSE,FALSE,EPalBattleBGMType::Cute,FALSE,FALSE,225,1,3,25,90,1,FALSE,TRUE,1,TRUE,TRUE,100,50,1120,0,0,0,0,1,1,0,0,0,0,0,1,0,None,None,None,None,57,FALSE,,,,,,SearchDungeon,10000,11000,13000,16000,20000,,,,,,,,,,,,,,,,,,,,
Leezpunk Ignis,LizardMan_Fire,None,None,None,TRUE,EPalTribeID::LizardMan_Fire,LizardMan_Fire,45,B,EPalSizeType::S,3,EPalElementType::Fire,EPalElementType::None,EPalGenusCategoryType::Humanoid,EPalOrganizationType::None,EPalWeaponType::None,FALSE,80,90,80,50,100,100,1,1,1,1640,Warlike,None,100,140,400,550,270,FALSE,FALSE,EPalBattleBGMType::Cute,FALSE,FALSE,225,1,3,25,90,1,FALSE,FALSE,1,TRUE,TRUE,100,50,1140,1,0,0,0,1,1,0,0,0,0,0,1,0,None,None,None,None,58,TRUE,,B,,,,SearchDungeon,10000,11000,13000,16000,20000,,,,,,,,,,,,,,,,,,,,
Fuack,BluePlatypus,None,None,None,TRUE,EPalTribeID::Blueplatypus,BluePlatypus,6,,EPalSizeType::XS,1,EPalElementType::Water,EPalElementType::None,EPalGenusCategoryType::Humanoid,EPalOrganizationType::None,EPalWeaponType::None,FALSE,60,80,80,60,100,100,1.3,1.1,1,1120,Escape_to_Battle,None,70,105,300,400,202,FALSE,FALSE,EPalBattleBGMType::Cute,FALSE,FALSE,150,1,2,25,90,1,TRUE,FALSE,0,FALSE,TRUE,100,50,1330,0,1,0,0,1,0,0,0,0,0,0,1,0,None,None,None,None,59,FALSE,,,,,,Unique_BluePlatypus_Toboggan,1,1.1,1.3,1.6,2,,,,,,,,,,,,,,,,,,,,
Vanwyrm,BirdDragon,None,None,None,TRUE,EPalTribeID::BirdDragon,BirdDragon,71,,EPalSizeType::L,4,EPalElementType::Fire,EPalElementType::Dark,EPalGenusCategoryType::Bird,EPalOrganizationType::None,EPalWeaponType::None,FALSE,90,100,115,90,100,100,1,1,1,4360,Warlike,None,100,350,700,850,475,FALSE,FALSE,EPalBattleBGMType::Cool,FALSE,FALSE,400,1,6,25,90,1,FALSE,TRUE,5,TRUE,TRUE,150,50,660,1,0,0,0,0,0,0,0,0,0,0,3,0,None,None,None,None,60,FALSE,,,21,SkillUnlock_BirdDragon,Saddle,,,,,,,TRUE,Fly+Land,,,,,,,,,,,,,,WeakDamage_Riding,WeakDamage_Riding_1,WeakDamage_Riding_2,WeakDamage_Riding_3,WeakDamage_Riding_4
Vanwyrm Cryst,BirdDragon_Ice,None,None,None,TRUE,EPalTribeID::BirdDragon_Ice,BirdDragon_Ice,71,B,EPalSizeType::L,5,EPalElementType::Ice,EPalElementType::Dark,EPalGenusCategoryType::Bird,EPalOrganizationType::None,EPalWeaponType::None,FALSE,90,100,120,95,100,100,1,1,1,4610,Warlike,None,100,350,700,850,475,FALSE,FALSE,EPalBattleBGMType::Cool,FALSE,FALSE,400,1,6,25,90,1,FALSE,TRUE,5,TRUE,TRUE,150,50,620,0,0,0,0,0,0,0,0,0,0,2,3,0,None,None,None,None,61,TRUE,,B,41,SkillUnlock_BirdDragon_Ice,Saddle,,,,,,,TRUE,Fly+Land,,,,,,,,,,,,,,WeakDamage_Riding,WeakDamage_Riding_1,WeakDamage_Riding_2,WeakDamage_Riding_3,WeakDamage_Riding_4
Chikipi,ChickenPal,None,None,None,TRUE,EPalTribeID::ChickenPal,ChickenPal,3,,EPalSizeType::XS,1,EPalElementType::Normal,EPalElementType::None,EPalGenusCategoryType::Bird,EPalOrganizationType::None,EPalWeaponType::None,FALSE,60,70,60,60,70,100,2,1.5,1,1000,Friendly,None,50,50,375,550,212,FALSE,FALSE,EPalBattleBGMType::Cute,FALSE,FALSE,100,1,1,25,90,1,TRUE,FALSE,0,FALSE,TRUE,100,50,1500,0,0,0,0,0,1,0,0,0,0,0,0,1,None,None,None,None,62,FALSE,,,,,,,,,,,,,,,,,,,,,,,,,,,CharacterSpawnItem_Egg_1,CharacterSpawnItem_Egg_2,CharacterSpawnItem_Egg_3,CharacterSpawnItem_Egg_4,CharacterSpawnItem_Egg_5
Dinossom,FlowerDinosaur,None,None,None,TRUE,EPalTribeID::FlowerDinosaur,FlowerDinosaur,64,,EPalSizeType::L,6,EPalElementType::Leaf,EPalElementType::Dragon,EPalGenusCategoryType::Humanoid,EPalOrganizationType::None,EPalWeaponType::None,FALSE,110,90,85,90,150,100,1,1,1,3240,Friendly,None,70,120,550,700,335,FALSE,FALSE,EPalBattleBGMType::Cute,FALSE,FALSE,400,1,6,25,90,1,FALSE,FALSE,5,FALSE,TRUE,100,50,820,0,0,2,0,0,0,2,0,0,0,0,0,0,None,None,None,None,63,FALSE,,,19,SkillUnlock_FlowerDinosaur,Saddle,,,,,,,TRUE,Ground,,,,,,,,,,,,,,ElementBoost_Leaf_PAL_PartnerSKill_1,ElementBoost_Leaf_PAL_PartnerSKill_2,ElementBoost_Leaf_PAL_PartnerSKill_3,ElementBoost_Leaf_PAL_PartnerSKill_4,ElementBoost_Leaf_PAL_PartnerSKill_5
Dinossom Lux,FlowerDinosaur_Electric,None,None,None,TRUE,EPalTribeID::FlowerDinosaur_Electric,FlowerDinosaur_Electric,64,B,EPalSizeType::L,7,EPalElementType::Electricity,EPalElementType::Dragon,EPalGenusCategoryType::Humanoid,EPalOrganizationType::None,EPalWeaponType::None,FALSE,110,90,90,90,150,100,1,1,1,3380,Friendly,None,70,120,550,700,335,FALSE,FALSE,EPalBattleBGMType::Cute,FALSE,FALSE,400,1,6,25,90,1,FALSE,FALSE,5,FALSE,TRUE,100,50,810,0,0,0,2,0,0,2,0,0,0,0,0,0,None,None,None,None,64,TRUE,,B,29,SkillUnlock_FlowerDinosaur_Electric,Saddle,,,,,,,TRUE,Ground,,,,,,,,,,,,,,ElementBoost_Electricity_PAL_PartnerSKill_1,ElementBoost_Electricity_PAL_PartnerSKill_2,ElementBoost_Electricity_PAL_PartnerSKill_3,ElementBoost_Electricity_PAL_PartnerSKill_4,ElementBoost_Electricity_PAL_PartnerSKill_5
Sparkit,ElecCat,None,None,None,TRUE,EPalTribeID::ElecCat,ElecCat,7,,EPalSizeType::XS,1,EPalElementType::Electricity,EPalElementType::None,EPalGenusCategoryType::Humanoid,EPalOrganizationType::None,EPalWeaponType::None,FALSE,60,60,75,70,80,100,1.3,1.1,1,1030,Escape_to_Battle,None,40,80,350,500,270,FALSE,FALSE,EPalBattleBGMType::Cute,FALSE,FALSE,150,1,2,25,90,1,TRUE,FALSE,0,FALSE,TRUE,100,50,1410,0,0,0,1,1,0,0,0,0,0,0,1,0,None,None,None,None,65,FALSE,,,,,,,,,,,,,,,,,,,,,,,,,,Electric Pal,PAL_ElementPassive_Test,PAL_ElementPassive_1,PAL_ElementPassive_2,PAL_ElementPassive_3,PAL_ElementPassive_4
Frostallion,IceHorse,None,None,None,TRUE,EPalTribeID::IceHorse,IceHorse,110,,EPalSizeType::L,20,EPalElementType::Ice,EPalElementType::None,EPalGenusCategoryType::FourLegged,EPalOrganizationType::None,EPalWeaponType::None,FALSE,140,100,140,120,70,100,1,1,1,8440,Escape_to_Battle,None,120,120,1000,1500,440,FALSE,FALSE,EPalBattleBGMType::Legend,FALSE,FALSE,475,1,7,25,90,1,FALSE,FALSE,5,FALSE,TRUE,300,50,120,0,0,0,0,0,0,0,0,0,0,4,0,0,Legend,ElementBoost_Ice_2_PAL,None,None,66,TRUE,,,48,SkillUnlock_IceHorse,Saddle,,,,,,,TRUE,Fly+Land,together,GiveAIce_Ride,GiveAIce_Ride,GiveAIce_Ride,GiveAIce_Ride,GiveAIce_Ride,,,,,,,,ElementBoost_Ice_PAL_PartnerSKill_1,ElementBoost_Ice_PAL_PartnerSKill_2,ElementBoost_Ice_PAL_PartnerSKill_3,ElementBoost_Ice_PAL_PartnerSKill_4,ElementBoost_Ice_PAL_PartnerSKill_5
Frostallion Noct,IceHorse_Dark,None,None,None,TRUE,EPalTribeID::IceHorse_Dark,IceHorse_Dark,110,B,EPalSizeType::L,20,EPalElementType::Dark,EPalElementType::None,EPalGenusCategoryType::FourLegged,EPalOrganizationType::None,EPalWeaponType::None,FALSE,140,100,140,135,70,100,1,1,1,8560,Escape_to_Battle,None,120,120,1000,1500,440,FALSE,FALSE,EPalBattleBGMType::Legend,FALSE,FALSE,475,1,7,25,90,1,FALSE,TRUE,5,FALSE,TRUE,300,50,100,0,0,0,0,0,4,0,0,0,0,0,0,0,Legend,None,None,None,67,TRUE,,B,48,SkillUnlock_IceHorse_Dark,Saddle,,,,,,,TRUE,Fly+Land,together,GiveADark_Ride,GiveADark_Ride,GiveADark_Ride,GiveADark_Ride,GiveADark_Ride,,,,,,,,ElementBoost_Dark_PAL_PartnerSKill_1,ElementBoost_Dark_PAL_PartnerSKill_2,ElementBoost_Dark_PAL_PartnerSKill_3,ElementBoost_Dark_PAL_PartnerSKill_4,ElementBoost_Dark_PAL_PartnerSKill_5
Mammorest,GrassMammoth,None,None,None,TRUE,EPalTribeID::GrassMammoth,GrassMammoth,90,,EPalSizeType::XL,8,EPalElementType::Leaf,EPalElementType::None,EPalGenusCategoryType::FourLegged,EPalOrganizationType::None,EPalWeaponType::None,FALSE,150,100,85,90,30,100,1,1,1,9450,NotInterested,None,100,135,430,600,282,FALSE,FALSE,EPalBattleBGMType::Cool,FALSE,FALSE,525,1,8,25,90,1,FALSE,FALSE,5,FALSE,TRUE,100,50,300,0,0,2,0,0,0,2,2,0,0,0,0,0,None,None,None,None,68,FALSE,,,28,SkillUnlock_GrassMammoth,Saddle,,,,,,,TRUE,Ground,together,Logging_up2_Otomo_only,Logging_up3_Otomo_only,Logging_up4_Otomo_only,Logging_up5_Otomo_only,Logging_up6_Otomo_only,,,,,,,together,Mining_up2_Otomo_only,Mining_up3_Otomo_only,Mining_up4_Otomo_only,Mining_up5_Otomo_only,Mining_up6_Otomo_only
Mammorest Cryst,GrassMammoth_Ice,None,None,None,TRUE,EPalTribeID::GrassMammoth_Ice,GrassMammoth_Ice,90,B,EPalSizeType::XL,9,EPalElementType::Ice,EPalElementType::None,EPalGenusCategoryType::FourLegged,EPalOrganizationType::None,EPalWeaponType::None,FALSE,150,100,85,90,30,100,1,1,1,9580,NotInterested,None,100,135,430,600,282,FALSE,FALSE,EPalBattleBGMType::Cool,FALSE,FALSE,525,1,8,25,90,1,FALSE,FALSE,5,FALSE,TRUE,100,50,290,0,0,0,0,0,0,2,2,0,0,2,0,0,None,None,None,None,69,TRUE,,B,45,SkillUnlock_GrassMammoth_Ice,Saddle,,,,,,,TRUE,Ground,together,Logging_up2_Otomo_only,Logging_up3_Otomo_only,Logging_up4_Otomo_only,Logging_up5_Otomo_only,Logging_up6_Otomo_only,,,,,,,together,Mining_up2_Otomo_only,Mining_up3_Otomo_only,Mining_up4_Otomo_only,Mining_up5_Otomo_only,Mining_up6_Otomo_only
Felbat,CatVampire,None,None,None,TRUE,EPalTribeID::CatVampire,CatVampire,94,,EPalSizeType::M,6,EPalElementType::Dark,EPalElementType::None,EPalGenusCategoryType::Humanoid,EPalOrganizationType::None,EPalWeaponType::None,FALSE,100,100,105,110,110,100,1,1,1,2100,Warlike,None,60,100,550,700,325,FALSE,FALSE,EPalBattleBGMType::Cute,FALSE,FALSE,350,1,5,25,90,1,FALSE,TRUE,5,FALSE,TRUE,100,50,1010,0,0,0,0,0,0,0,0,0,3,0,0,0,None,None,None,None,70,FALSE,,,,,,,,,,,,,,,,,,,,,,,,,,Alive,LifeSteal_1,LifeSteal_2,LifeSteal_3,LifeSteal_4,LifeSteal_5
Broncherry,SakuraSaurus,None,None,None,TRUE,EPalTribeID::SakuraSaurus,SakuraSaurus,86,,EPalSizeType::XL,7,EPalElementType::Leaf,EPalElementType::None,EPalGenusCategoryType::FourLegged,EPalOrganizationType::None,EPalWeaponType::None,FALSE,120,80,90,100,120,100,1,1,1,2920,NotInterested,None,50,75,350,500,200,FALSE,FALSE,EPalBattleBGMType::Cute,FALSE,FALSE,475,1,7,25,90,1,FALSE,FALSE,5,FALSE,TRUE,100,50,860,0,0,3,0,0,0,0,0,0,0,0,0,0,None,None,None,None,71,FALSE,,,20,SkillUnlock_SakuraSaurus,Saddle,,,,,,,TRUE,Ground,,,,,,,,,,,,,8,MaxInventoryWeight_up_Partnerskill_6,MaxInventoryWeight_up_Partnerskill_7,MaxInventoryWeight_up_Partnerskill_8,MaxInventoryWeight_up_Partnerskill_9,MaxInventoryWeight_up_Partnerskill_10
Broncherry Aqua,SakuraSaurus_Water,None,None,None,TRUE,EPalTribeID::SakuraSaurus_Water,SakuraSaurus_Water,86,B,EPalSizeType::XL,8,EPalElementType::Leaf,EPalElementType::Water,EPalGenusCategoryType::FourLegged,EPalOrganizationType::None,EPalWeaponType::None,FALSE,120,80,95,100,120,100,1,1,1,3110,NotInterested,None,50,75,350,500,200,FALSE,FALSE,EPalBattleBGMType::Cute,FALSE,FALSE,475,1,7,25,90,1,FALSE,FALSE,5,FALSE,TRUE,100,50,840,0,3,0,0,0,0,0,0,0,0,0,0,0,None,None,None,None,72,TRUE,,B,27,SkillUnlock_SakuraSaurus_Water,Saddle,,,,,,,TRUE,Ground,,,,,,,,,,,,,8,MaxInventoryWeight_up_Partnerskill_6,MaxInventoryWeight_up_Partnerskill_7,MaxInventoryWeight_up_Partnerskill_8,MaxInventoryWeight_up_Partnerskill_9,MaxInventoryWeight_up_Partnerskill_10
Faleris,Horus,None,None,None,TRUE,EPalTribeID::Horus,Horus,105,B,EPalSizeType::L,9,EPalElementType::Fire,EPalElementType::None,EPalGenusCategoryType::Bird,EPalOrganizationType::None,EPalWeaponType::None,FALSE,100,100,105,110,90,100,1,1,1,6720,Warlike,None,150,200,1000,1400,500,FALSE,FALSE,EPalBattleBGMType::Strong,FALSE,FALSE,525,1,8,25,90,1,FALSE,FALSE,5,FALSE,TRUE,230,50,370,3,0,0,0,0,0,0,0,0,0,0,3,0,None,None,None,None,73,TRUE,,,38,SkillUnlock_Horus,Saddle,,,,,,,TRUE,Fly,,,,,,,,,,,,,,ElementAddDrop_Ice_1_PAL,ElementAddDrop_Ice_2_PAL,ElementAddDrop_Ice_3_PAL,ElementAddDrop_Ice_4_PAL,ElementAddDrop_Ice_5_PAL
Blazamut,KingBahamut,None,None,None,TRUE,EPalTribeID::KingBahamut,KingBahamut,96,,EPalSizeType::XL,9,EPalElementType::Fire,EPalElementType::None,EPalGenusCategoryType::FourLegged,EPalOrganizationType::None,EPalWeaponType::None,FALSE,100,150,125,120,50,100,1,1,1,10520,Warlike,None,150,400,700,900,500,FALSE,FALSE,EPalBattleBGMType::Strong,FALSE,FALSE,600,1,9,25,90,1,FALSE,FALSE,5,FALSE,TRUE,100,50,10,3,0,0,0,0,0,0,4,0,0,0,0,0,ElementBoost_Fire_2_PAL,None,None,None,74,FALSE,,,38,SkillUnlock_KingBahamut,Saddle,,,,,,,TRUE,Ground,,,,,,,,,,,,,,ElementBoost_Fire_PAL_PartnerSKill_1,ElementBoost_Fire_PAL_PartnerSKill_2,ElementBoost_Fire_PAL_PartnerSKill_3,ElementBoost_Fire_PAL_PartnerSKill_4,ElementBoost_Fire_PAL_PartnerSKill_5
Caprity,BerryGoat,None,None,None,TRUE,EPalTribeID::BerryGoat,BerryGoat,35,,EPalSizeType::S,3,EPalElementType::Leaf,EPalElementType::None,EPalGenusCategoryType::FourLegged,EPalOrganizationType::None,EPalWeaponType::None,FALSE,100,70,70,90,120,100,1,1,1,2510,Escape_to_Battle,None,70,70,400,550,235,FALSE,FALSE,EPalBattleBGMType::Cute,FALSE,FALSE,300,1,4,25,90,1,FALSE,FALSE,0,FALSE,TRUE,100,50,930,0,0,2,0,0,0,0,0,0,0,0,0,1,None,None,None,None,75,FALSE,,,,,,,,,,,,,,,,,,,,,,,,,,,CharacterSpawnItem_Berries_1,CharacterSpawnItem_Berries_2,CharacterSpawnItem_Berries_3,CharacterSpawnItem_Berries_4,CharacterSpawnItem_Berries_5
Reindrix,IceDeer,None,None,None,TRUE,EPalTribeID::IceDeer,IceDeer,59,,EPalSizeType::M,4,EPalElementType::Ice,EPalElementType::None,EPalGenusCategoryType::FourLegged,EPalOrganizationType::None,EPalWeaponType::None,FALSE,100,80,85,110,100,100,1,1,1,2800,Warlike,None,35,70,550,700,310,FALSE,FALSE,EPalBattleBGMType::Cool,FALSE,FALSE,475,1,7,25,90,1,FALSE,FALSE,0,FALSE,TRUE,100,50,880,0,0,0,0,0,0,2,0,0,0,2,0,0,None,None,None,None,76,FALSE,,,29,SkillUnlock_IceDeer,Saddle,,,,,,,TRUE,Ground,,TemperatureInvalid_Heat,TemperatureInvalid_Heat,TemperatureInvalid_Heat,TemperatureInvalid_Heat,TemperatureInvalid_Heat,,,,,,,mounted,,MoveSpeed_up_PartnerSkill_Ride_1,MoveSpeed_up_PartnerSkill_Ride_2,MoveSpeed_up_PartnerSkill_Ride_3,MoveSpeed_up_PartnerSkill_Ride_4
Shadowbeak,BlackGriffon,None,None,None,TRUE,EPalTribeID::BlackGriffon,BlackGriffon,107,B,EPalSizeType::L,10,EPalElementType::Dark,EPalElementType::None,EPalGenusCategoryType::FourLegged,EPalOrganizationType::None,EPalWeaponType::None,FALSE,120,130,120,140,90,100,1,1,1,9060,Warlike,None,80,80,850,1200,465,FALSE,FALSE,EPalBattleBGMType::Strong,FALSE,FALSE,525,1,8,25,90,1,FALSE,TRUE,5,FALSE,TRUE,250,50,60,0,0,0,0,0,1,0,0,0,0,0,0,0,None,None,None,None,77,TRUE,,,47,SkillUnlock_BlackGriffon,Saddle,,,,,,,TRUE,Fly+Land,,,,,,,,,,,,,,ElementBoost_Dark_PAL_PartnerSKill_1,ElementBoost_Dark_PAL_PartnerSKill_2,ElementBoost_Dark_PAL_PartnerSKill_3,ElementBoost_Dark_PAL_PartnerSKill_4,ElementBoost_Dark_PAL_PartnerSKill_5
Sibelyx,WhiteMoth,None,None,None,TRUE,EPalTribeID::WhiteMoth,WhiteMoth,79,,EPalSizeType::L,7,EPalElementType::Ice,EPalElementType::None,EPalGenusCategoryType::Humanoid,EPalOrganizationType::None,EPalWeaponType::None,FALSE,110,90,90,100,90,100,1,1,1,5900,Escape_to_Battle,None,50,100,400,550,250,FALSE,FALSE,EPalBattleBGMType::Cool,FALSE,FALSE,350,1,5,25,90,1,FALSE,FALSE,5,FALSE,TRUE,100,50,450,0,0,0,0,0,0,0,0,0,2,2,0,1,None,None,None,None,78,FALSE,,,,,,IcicleThrow,1.1,1.3,1.6,2,2.5,,,,,,,,,,,,,,,,CharacterSpawnItem_Cloth2_1,CharacterSpawnItem_Cloth2_2,CharacterSpawnItem_Cloth2_3,CharacterSpawnItem_Cloth2_4,CharacterSpawnItem_Cloth2_5
Vixy,CuteFox,None,None,None,TRUE,EPalTribeID::CuteFox,CuteFox,14,,EPalSizeType::XS,2,EPalElementType::Normal,EPalElementType::None,EPalGenusCategoryType::FourLegged,EPalOrganizationType::None,EPalWeaponType::None,FALSE,70,70,70,70,140,100,1.7,1.3,1,1000,Escape_to_Battle,None,30,60,350,450,190,FALSE,FALSE,EPalBattleBGMType::Cute,FALSE,FALSE,100,1,1,25,90,1,TRUE,FALSE,0,FALSE,TRUE,100,50,1450,0,0,0,0,0,1,0,0,0,0,0,0,1,None,None,None,None,79,FALSE,,,,,,,,,,,,,,,,,,,,,,,,,,,CharacterSpawnItem_CuteFoxRank1,CharacterSpawnItem_CuteFoxRank2,CharacterSpawnItem_CuteFoxRank3,CharacterSpawnItem_CuteFoxRank4,CharacterSpawnItem_CuteFoxRank5
Wixen,FoxMage,None,None,None,TRUE,EPalTribeID::FoxMage,FoxMage,76,,EPalSizeType::M,6,EPalElementType::Fire,EPalElementType::None,EPalGenusCategoryType::Humanoid,EPalOrganizationType::None,EPalWeaponType::None,FALSE,90,50,110,80,120,100,1,1,1,1540,Escape_to_Battle,None,70,145,440,620,292,FALSE,FALSE,EPalBattleBGMType::Cute,FALSE,FALSE,350,1,5,25,90,1,FALSE,FALSE,5,FALSE,TRUE,100,50,1160,2,0,0,0,3,0,0,0,0,0,0,2,0,None,None,None,None,80,FALSE,,,,,,,,,,,,,,together,GiveAFire,GiveAFire,GiveAFire,GiveAFire,GiveAFire,,,,,,,,GiveElement_TrainerATK_UP_PartnerSkill_1,GiveElement_TrainerATK_UP_PartnerSkill_2,GiveElement_TrainerATK_UP_PartnerSkill_3,GiveElement_TrainerATK_UP_PartnerSkill_4,GiveElement_TrainerATK_UP_PartnerSkill_5
Lovander,PinkLizard,None,None,None,TRUE,EPalTribeID::PinkLizard,PinkLizard,69,,EPalSizeType::L,5,EPalElementType::Normal,EPalElementType::None,EPalGenusCategoryType::Humanoid,EPalOrganizationType::None,EPalWeaponType::None,FALSE,120,70,70,70,140,100,1,1,1,2450,Warlike,None,90,170,750,850,460,FALSE,FALSE,EPalBattleBGMType::Cute,FALSE,FALSE,350,1,5,25,90,1,FALSE,TRUE,5,FALSE,TRUE,100,30,940,0,0,0,0,2,0,0,1,0,2,0,2,0,ElementResist_Normal_1_PAL,None,None,None,81,FALSE,,,,,,,,,,,,,,,,,,,,,,,,,,Alive,LifeSteal_1,LifeSteal_2,LifeSteal_3,LifeSteal_4,LifeSteal_5
Hoocrates,WizardOwl,None,None,None,TRUE,EPalTribeID::WizardOwl,WizardOwl,15,,EPalSizeType::XS,1,EPalElementType::Dark,EPalElementType::None,EPalGenusCategoryType::Bird,EPalOrganizationType::None,EPalWeaponType::None,FALSE,70,70,70,80,100,100,1,1,1,1050,NotInterested,None,26,70,380,550,225,FALSE,FALSE,EPalBattleBGMType::Cute,FALSE,FALSE,225,1,3,25,90,1,TRUE,TRUE,0,FALSE,TRUE,100,50,1390,0,0,0,0,0,1,0,0,0,0,0,0,0,None,None,None,None,82,FALSE,,,,,,,,,,,,,,,,,,,,,,,,,,Dark Pal,PAL_ElementPassive_Test,PAL_ElementPassive_1,PAL_ElementPassive_2,PAL_ElementPassive_3,PAL_ElementPassive_4
Kelpsea,Kelpie,None,None,None,TRUE,EPalTribeID::Kelpie,Kelpie,81,,EPalSizeType::XS,1,EPalElementType::Water,EPalElementType::None,EPalGenusCategoryType::Dragon,EPalOrganizationType::None,EPalWeaponType::None,FALSE,70,100,70,70,100,100,1,1,1,1260,NotInterested,None,50,100,700,900,400,FALSE,FALSE,EPalBattleBGMType::Cute,FALSE,FALSE,100,1,1,25,90,1,TRUE,FALSE,0,FALSE,TRUE,100,50,1260,0,1,0,0,0,0,0,0,0,0,0,0,0,None,None,None,None,83,FALSE,,,,,,,,,,,,,,,,,,,,,,,,,,Water Pal,PAL_ElementPassive_Test,PAL_ElementPassive_1,PAL_ElementPassive_2,PAL_ElementPassive_3,PAL_ElementPassive_4
Kelpsea Ignis,Kelpie_Fire,None,None,None,TRUE,EPalTribeID::Kelpie_Fire,Kelpie_Fire,81,B,EPalSizeType::XS,2,EPalElementType::Fire,EPalElementType::None,EPalGenusCategoryType::Dragon,EPalOrganizationType::None,EPalWeaponType::None,FALSE,70,100,70,70,100,100,1,1,1,1240,NotInterested,None,50,100,700,900,400,FALSE,FALSE,EPalBattleBGMType::Cute,FALSE,FALSE,100,1,1,25,90,1,TRUE,FALSE,0,FALSE,TRUE,100,50,1270,1,0,0,0,0,0,0,0,0,0,0,0,0,None,None,None,None,84,FALSE,,B,,,,,,,,,,,,,,,,,,,,,,,,Fire Pal,PAL_ElementPassive_Test,PAL_ElementPassive_1,PAL_ElementPassive_2,PAL_ElementPassive_3,PAL_ElementPassive_4
Killamari,NegativeOctopus,None,None,None,TRUE,EPalTribeID::NegativeOctopus,NegativeOctopus,23,,EPalSizeType::XS,1,EPalElementType::Dark,EPalElementType::None,EPalGenusCategoryType::Other,EPalOrganizationType::None,EPalWeaponType::None,FALSE,60,100,60,70,100,100,1,1,1,1200,NotInterested,None,60,120,400,550,260,FALSE,FALSE,EPalBattleBGMType::Cute,FALSE,FALSE,225,1,3,25,90,1,FALSE,TRUE,0,FALSE,TRUE,100,50,1290,0,0,0,0,0,1,0,0,0,0,0,2,0,None,None,None,None,85,FALSE,,,9,SkillUnlock_NegativeOctopus,Gloves,,,,,,,,,,,,,,,,,,,,,,,,,,
Mozzarina,CowPal,None,None,None,TRUE,EPalTribeID::CowPal,CowPal,29,,EPalSizeType::S,2,EPalElementType::Normal,EPalElementType::None,EPalGenusCategoryType::FourLegged,EPalOrganizationType::None,EPalWeaponType::None,FALSE,90,100,50,80,100,100,1,1,1,2620,Escape_to_Battle,None,55,55,580,700,317,FALSE,FALSE,EPalBattleBGMType::Cute,FALSE,FALSE,225,1,3,25,90,1,FALSE,FALSE,0,FALSE,TRUE,100,20,910,0,0,0,0,0,0,0,0,0,0,0,0,1,None,None,None,None,86,FALSE,,,,,,,,,,,,,,,,,,,,,,,,,,,CharacterSpawnItem_Milk_1,CharacterSpawnItem_Milk_2,CharacterSpawnItem_Milk_3,CharacterSpawnItem_Milk_4,CharacterSpawnItem_Milk_5
Wumpo,Yeti,None,None,None,TRUE,EPalTribeID::Yeti,Yeti,91,,EPalSizeType::L,7,EPalElementType::Ice,EPalElementType::None,EPalGenusCategoryType::Humanoid,EPalOrganizationType::None,EPalWeaponType::None,FALSE,140,100,80,100,100,100,1,1,1,5900,Warlike,None,70,100,365,550,150,FALSE,FALSE,EPalBattleBGMType::Cute,FALSE,FALSE,525,1,8,25,90,1,FALSE,FALSE,5,TRUE,TRUE,100,50,460,0,0,0,0,2,0,3,0,0,0,2,4,0,None,None,None,None,87,FALSE,,,44,SkillUnlock_Yeti,Saddle,,,,,,,TRUE,Ground,,,,,,,,,,,,,8,MaxInventoryWeight_up_Partnerskill_8,MaxInventoryWeight_up_Partnerskill_9,MaxInventoryWeight_up_Partnerskill_10,MaxInventoryWeight_up_Partnerskill_11,MaxInventoryWeight_up_Partnerskill_12
Wumpo Botan,Yeti_Grass,None,None,None,TRUE,EPalTribeID::Yeti_Grass,Yeti_Grass,91,B,EPalSizeType::L,8,EPalElementType::Leaf,EPalElementType::None,EPalGenusCategoryType::Humanoid,EPalOrganizationType::None,EPalWeaponType::None,FALSE,140,100,80,110,100,100,1,1,1,5700,Warlike,None,70,100,365,550,150,FALSE,FALSE,EPalBattleBGMType::Cute,FALSE,FALSE,525,1,8,25,90,1,FALSE,FALSE,5,TRUE,TRUE,100,50,480,0,0,1,0,2,0,3,0,0,0,0,4,0,None,None,None,None,88,FALSE,,B,45,SkillUnlock_Yeti_Grass,Saddle,,,,,,,TRUE,Ground,,,,,,,,,,,,,8,MaxInventoryWeight_up_Partnerskill_8,MaxInventoryWeight_up_Partnerskill_9,MaxInventoryWeight_up_Partnerskill_10,MaxInventoryWeight_up_Partnerskill_11,MaxInventoryWeight_up_Partnerskill_12
Vaelet,VioletFairy,None,None,None,TRUE,EPalTribeID::VioletFairy,VioletFairy,78,,EPalSizeType::M,8,EPalElementType::Leaf,EPalElementType::None,EPalGenusCategoryType::Humanoid,EPalOrganizationType::None,EPalWeaponType::None,FALSE,100,100,100,120,100,100,1,1,1,1960,Warlike,None,100,150,400,550,275,FALSE,FALSE,EPalBattleBGMType::Cute,FALSE,FALSE,225,1,3,25,90,1,FALSE,FALSE,5,FALSE,TRUE,100,50,1050,0,0,2,0,2,2,0,0,0,3,0,1,0,None,None,None,None,89,FALSE,,,,,,,,,,,,,,,,,,,,,,,,,,,ElementAddDrop_Earth_1_PAL,ElementAddDrop_Earth_2_PAL,ElementAddDrop_Earth_3_PAL,ElementAddDrop_Earth_4_PAL,ElementAddDrop_Earth_5_PAL
Nitewing,HawkBird,None,None,None,TRUE,EPalTribeID::HawkBird,HawkBird,38,,EPalSizeType::L,3,EPalElementType::Normal,EPalElementType::None,EPalGenusCategoryType::Bird,EPalOrganizationType::None,EPalWeaponType::None,FALSE,100,100,95,80,100,100,1,1,1,6300,NotInterested,None,150,150,600,750,450,FALSE,FALSE,EPalBattleBGMType::Cute,FALSE,FALSE,475,1,7,25,90,1,FALSE,FALSE,3,TRUE,TRUE,100,50,420,0,0,0,0,0,2,0,0,0,0,0,0,0,None,None,None,None,90,FALSE,,,15,SkillUnlock_HawkBird,Saddle,,,,,,,TRUE,Fly,,,,,,,,,,,,,mounted,,MoveSpeed_up_PartnerSkill_Ride_1,MoveSpeed_up_PartnerSkill_Ride_2,MoveSpeed_up_PartnerSkill_Ride_3,MoveSpeed_up_PartnerSkill_Ride_4
Flopie,FlowerRabbit,None,None,None,TRUE,EPalTribeID::FlowerRabbit,FlowerRabbit,28,,EPalSizeType::XS,1,EPalElementType::Leaf,EPalElementType::None,EPalGenusCategoryType::Humanoid,EPalOrganizationType::None,EPalWeaponType::None,FALSE,75,100,65,70,100,100,1,1,1,1220,Escape_to_Battle,None,100,100,400,550,250,FALSE,FALSE,EPalBattleBGMType::Cute,FALSE,FALSE,225,1,3,25,90,1,FALSE,FALSE,0,FALSE,TRUE,100,50,1280,0,0,1,0,1,1,0,0,0,1,0,1,0,None,None,None,None,91,FALSE,,,17,SkillUnlock_FlowerRabbit,Choker,,,,,,,,,,,,,,,,,,,,,,,,,,
Lyleen,LilyQueen,None,None,None,TRUE,EPalTribeID::LilyQueen,LilyQueen,104,,EPalSizeType::L,9,EPalElementType::Leaf,EPalElementType::None,EPalGenusCategoryType::Humanoid,EPalOrganizationType::None,EPalWeaponType::None,FALSE,110,100,110,105,100,100,1,1,1,7160,NotInterested,None,60,100,450,550,275,FALSE,FALSE,EPalBattleBGMType::Strong,FALSE,FALSE,400,1,6,25,90,1,FALSE,FALSE,5,FALSE,TRUE,100,30,250,0,0,4,0,3,2,0,0,0,3,0,0,0,ElementBoost_Leaf_2_PAL,None,None,None,92,TRUE,,,,,,Heal_LilyQueen,1000,1100,1300,1600,2000,,,,,,,,,,,,,,,,,,,,
Lyleen Noct,LilyQueen_Dark,None,None,None,TRUE,EPalTribeID::LilyQueen_Dark,LilyQueen_Dark,104,B,EPalSizeType::L,10,EPalElementType::Dark,EPalElementType::None,EPalGenusCategoryType::Humanoid,EPalOrganizationType::None,EPalWeaponType::None,FALSE,110,100,110,115,100,100,1,1,1,7610,NotInterested,None,60,100,450,550,275,FALSE,FALSE,EPalBattleBGMType::Strong,FALSE,FALSE,400,1,6,25,90,1,FALSE,FALSE,5,FALSE,TRUE,100,30,210,0,0,0,0,3,2,0,0,0,3,0,0,0,None,None,None,None,93,TRUE,,B,,,,Heal_LilyQueen,1000,1100,1300,1600,2000,,,,,,,,,,,,,,,,,,,,
Elizabee,QueenBee,None,None,None,TRUE,EPalTribeID::QueenBee,QueenBee,51,,EPalSizeType::L,8,EPalElementType::Leaf,EPalElementType::None,EPalGenusCategoryType::Humanoid,EPalOrganizationType::None,EPalWeaponType::None,FALSE,90,100,105,100,100,100,1,1,1,6830,Warlike,None,150,250,450,550,350,FALSE,FALSE,EPalBattleBGMType::Cool,FALSE,FALSE,475,1,7,25,90,1,FALSE,FALSE,5,FALSE,TRUE,100,10,330,0,0,2,0,2,2,1,0,0,2,0,0,0,None,None,None,None,94,FALSE,,,,,,,,,,,,,,,,,,,,,,,,,,,,ATK_up_PartnerSkill_1,ATK_up_PartnerSkill_2,ATK_up_PartnerSkill_3,ATK_up_PartnerSkill_4
Beegarde,SoldierBee,None,None,None,TRUE,EPalTribeID::SoldierBee,SoldierBee,50,,EPalSizeType::M,4,EPalElementType::Leaf,EPalElementType::None,EPalGenusCategoryType::Humanoid,EPalOrganizationType::None,EPalWeaponType::None,FALSE,80,100,90,90,100,100,1,1,1,1880,Warlike,None,125,250,450,550,350,FALSE,FALSE,EPalBattleBGMType::Cute,FALSE,FALSE,225,1,3,25,90,1,FALSE,FALSE,1,FALSE,TRUE,100,10,1070,0,0,1,0,1,1,1,0,0,1,0,2,1,None,None,None,None,95,FALSE,,,,,,,,,,,,,,in base,CharacterSpawnItem_SoldierBee_1,CharacterSpawnItem_SoldierBee_2,CharacterSpawnItem_SoldierBee_3,CharacterSpawnItem_SoldierBee_4,CharacterSpawnItem_SoldierBee_5,,,,,,,Elizabee,PAL_TribePassive_Test,PAL_TribePassive_1,PAL_TribePassive_2,PAL_TribePassive_3,PAL_TribePassive_4
Tombat,CatBat,None,None,None,TRUE,EPalTribeID::CatBat,CatBat,68,,EPalSizeType::M,5,EPalElementType::Dark,EPalElementType::None,EPalGenusCategoryType::Humanoid,EPalOrganizationType::None,EPalWeaponType::None,FALSE,95,100,95,80,100,100,1,1,1,3810,Warlike,None,80,140,400,550,270,FALSE,FALSE,EPalBattleBGMType::Cute,FALSE,FALSE,350,1,5,25,90,1,FALSE,TRUE,3,FALSE,TRUE,100,50,750,0,0,0,0,0,2,0,2,0,0,0,2,0,None,None,None,None,96,FALSE,,,,,,SearchPal,10000,11000,13000,16000,20000,,,,,,,,,,,,,,,,,,,,
Mossanda,GrassPanda,None,None,None,TRUE,EPalTribeID::GrassPanda,GrassPanda,33,,EPalSizeType::L,6,EPalElementType::Leaf,EPalElementType::None,EPalGenusCategoryType::Humanoid,EPalOrganizationType::None,EPalWeaponType::None,FALSE,100,100,90,90,100,100,1,1,1,6200,Warlike,None,50,100,500,700,275,FALSE,FALSE,EPalBattleBGMType::Cool,FALSE,FALSE,350,1,5,25,90,1,FALSE,FALSE,3,FALSE,TRUE,100,50,430,0,0,2,0,2,0,2,0,0,0,0,3,0,None,None,None,None,97,FALSE,,,24,SkillUnlock_GrassPanda,Saddle,UniqueRideShooting_DualGrenadeLauncher,30,33,39,48,60,TRUE,Ground,,,,,,,,,,,,,,,,,,
Mossanda Lux,GrassPanda_Electric,None,None,None,TRUE,EPalTribeID::GrassPanda_Electric,GrassPanda_Electric,33,B,EPalSizeType::L,7,EPalElementType::Electricity,EPalElementType::None,EPalGenusCategoryType::Humanoid,EPalOrganizationType::None,EPalWeaponType::None,FALSE,100,100,100,100,100,100,1,1,1,6610,Warlike,None,50,100,500,700,275,FALSE,FALSE,EPalBattleBGMType::Cool,FALSE,FALSE,350,1,5,25,90,1,FALSE,FALSE,3,FALSE,TRUE,100,50,390,0,0,0,2,2,0,2,0,0,0,0,3,0,None,None,None,None,98,TRUE,,B,25,SkillUnlock_GrassPanda_Electric,Saddle,UniqueRideShooting_DualGrenadeLauncher,30,33,39,48,60,TRUE,Ground,,,,,,,,,,,,,,,,,,
Arsox,FlameBuffalo,None,None,None,TRUE,EPalTribeID::FlameBuffalo,FlameBuffalo,42,,EPalSizeType::M,4,EPalElementType::Fire,EPalElementType::None,EPalGenusCategoryType::FourLegged,EPalOrganizationType::None,EPalWeaponType::None,FALSE,85,100,95,95,100,100,1,1,1,3520,Warlike,None,87,87,600,800,343,FALSE,FALSE,EPalBattleBGMType::Cool,FALSE,FALSE,350,1,5,25,90,1,FALSE,FALSE,3,FALSE,TRUE,100,50,790,2,0,0,0,0,0,1,0,0,0,0,0,0,None,None,None,None,99,FALSE,,,16,SkillUnlock_FlameBuffalo,Saddle,,,,,,,TRUE,Ground,,TemperatureInvalid_Cold,TemperatureInvalid_Cold,TemperatureInvalid_Cold,TemperatureInvalid_Cold,TemperatureInvalid_Cold,,,,,,,mounted,,MoveSpeed_up_PartnerSkill_Ride_1,MoveSpeed_up_PartnerSkill_Ride_2,MoveSpeed_up_PartnerSkill_Ride_3,MoveSpeed_up_PartnerSkill_Ride_4
Rayhound,ThunderDog,None,None,None,TRUE,EPalTribeID::ThunderDog,ThunderDog,60,,EPalSizeType::M,5,EPalElementType::Electricity,EPalElementType::None,EPalGenusCategoryType::FourLegged,EPalOrganizationType::None,EPalWeaponType::None,FALSE,90,100,100,80,100,100,1,1,1,3880,Warlike,None,110,210,700,1150,455,FALSE,FALSE,EPalBattleBGMType::Cute,FALSE,FALSE,350,1,5,25,90,1,FALSE,FALSE,3,TRUE,TRUE,100,50,740,0,0,0,2,0,0,0,0,0,0,0,0,0,None,None,None,None,100,FALSE,,,26,SkillUnlock_ThunderDog,Saddle,,,,,,,TRUE,Ground,,,,,,,,,,,,,mounted,,MoveSpeed_up_PartnerSkill_Ride_1,MoveSpeed_up_PartnerSkill_Ride_2,MoveSpeed_up_PartnerSkill_Ride_3,MoveSpeed_up_PartnerSkill_Ride_4
Fuddler,CuteMole,None,None,None,TRUE,EPalTribeID::CuteMole,CuteMole,22,,EPalSizeType::XS,1,EPalElementType::Earth,EPalElementType::None,EPalGenusCategoryType::Humanoid,EPalOrganizationType::None,EPalWeaponType::None,FALSE,65,100,80,50,100,100,1,1,1,1360,Escape_to_Battle,None,30,60,300,550,240,FALSE,FALSE,EPalBattleBGMType::Cute,FALSE,FALSE,150,1,2,25,90,1,TRUE,FALSE,0,FALSE,TRUE,100,50,1220,0,0,0,0,1,0,0,1,0,0,0,1,0,None,None,None,None,101,FALSE,,,,,,SearchMine,10000,11000,13000,16000,20000,,,,,,,,,,,,,,,,,,,,
Astegon,BlackMetalDragon,None,None,None,TRUE,EPalTribeID::BlackMetalDragon,BlackMetalDragon,98,,EPalSizeType::XL,9,EPalElementType::Dragon,EPalElementType::Dark,EPalGenusCategoryType::Monster,EPalOrganizationType::None,EPalWeaponType::None,FALSE,100,100,125,125,100,100,1,1,1,8200,Warlike,None,100,150,600,800,375,FALSE,FALSE,EPalBattleBGMType::Strong,FALSE,FALSE,600,1,9,25,90,1,FALSE,TRUE,5,FALSE,TRUE,300,50,150,0,0,0,0,1,0,0,4,3,0,0,0,0,Deffence_up1,None,None,None,102,FALSE,,,47,SkillUnlock_BlackMetalDragon,Saddle,,,,,,,TRUE,Fly+Land,,,,,,,,,,,,,together,Mining_up4_Otomo_only,Mining_up5_Otomo_only,Mining_up6_Otomo_only,Mining_up7_Otomo_only,Mining_up8_Otomo_only
Verdash,GrassRabbitMan,None,None,None,TRUE,EPalTribeID::GrassRabbitMan,GrassRabbitMan,77,,EPalSizeType::M,8,EPalElementType::Leaf,EPalElementType::None,EPalGenusCategoryType::Humanoid,EPalOrganizationType::None,EPalWeaponType::None,FALSE,90,100,115,90,100,100,1,1,1,2200,Warlike,None,50,195,500,700,275,FALSE,FALSE,EPalBattleBGMType::Cute,FALSE,FALSE,225,1,3,25,90,1,FALSE,FALSE,5,FALSE,TRUE,100,50,990,0,0,2,0,3,3,2,0,0,0,0,2,0,None,None,None,None,103,FALSE,,,,,,,,,,,,,,together,GiveALeaf,GiveALeaf,GiveALeaf,GiveALeaf,GiveALeaf,,,,,,,,MoveSpeed_up_PartnerSkill_1,MoveSpeed_up_PartnerSkill_2,MoveSpeed_up_PartnerSkill_3,MoveSpeed_up_PartnerSkill_4,MoveSpeed_up_PartnerSkill_5
Foxcicle,IceFox,None,None,None,TRUE,EPalTribeID::IceFox,IceFox,57,,EPalSizeType::S,5,EPalElementType::Ice,EPalElementType::None,EPalGenusCategoryType::FourLegged,EPalOrganizationType::None,EPalWeaponType::None,FALSE,90,100,95,105,100,100,1,1,1,3730,Warlike,None,65,130,600,750,315,FALSE,FALSE,EPalBattleBGMType::Cute,FALSE,FALSE,225,1,3,25,90,1,FALSE,FALSE,3,FALSE,TRUE,100,50,760,0,0,0,0,0,0,0,0,0,0,2,0,0,None,None,None,None,104,FALSE,,,,,,,,,,,,,,,,,,,,,,,,,,Ice Pal,PAL_ElementPassive_Test,PAL_ElementPassive_1,PAL_ElementPassive_2,PAL_ElementPassive_3,PAL_ElementPassive_4
Jetragon,JetDragon,None,None,None,TRUE,EPalTribeID::JetDragon,JetDragon,111,B,EPalSizeType::XL,20,EPalElementType::Dragon,EPalElementType::None,EPalGenusCategoryType::Dragon,EPalOrganizationType::None,EPalWeaponType::None,FALSE,110,100,140,110,100,100,1,1,1,8680,Warlike,None,600,800,1700,3300,1250,FALSE,FALSE,EPalBattleBGMType::Legend,FALSE,FALSE,600,1,9,25,90,1,FALSE,FALSE,5,FALSE,TRUE,100,50,90,0,0,0,0,0,3,0,0,3,0,0,0,0,Legend,ElementBoost_Dragon_2_PAL,None,None,105,TRUE,,,50,SkillUnlock_JetDragon,Saddle,UniqueRideShooting_JetMissile,13,14.3,16.9,20.9,26,TRUE,Fly,,,,,,,,,,,,,,,,,,
Daedream,DreamDemon,None,None,None,TRUE,EPalTribeID::DreamDemon,DreamDemon,19,,EPalSizeType::XS,1,EPalElementType::Dark,EPalElementType::None,EPalGenusCategoryType::Humanoid,EPalOrganizationType::None,EPalWeaponType::None,FALSE,70,100,75,60,100,100,1,1,1,1330,Friendly,None,70,140,300,550,220,FALSE,FALSE,EPalBattleBGMType::Cute,FALSE,FALSE,225,1,3,25,90,1,FALSE,TRUE,0,FALSE,TRUE,100,50,1230,0,0,0,0,1,1,0,0,0,0,0,1,0,None,None,None,None,106,FALSE,,,8,SkillUnlock_DreamDemon,Choker,Funnel_DreamDemon,1,1.1,1.3,1.6,2,,,,,,,,,,,,,,,,,,,,
Tanzee,Monkey,None,None,None,TRUE,EPalTribeID::Monkey,Monkey,8,,EPalSizeType::XS,1,EPalElementType::Leaf,EPalElementType::None,EPalGenusCategoryType::Humanoid,EPalOrganizationType::None,EPalWeaponType::None,FALSE,80,100,70,70,100,100,1.2,1.1,1,1280,Escape_to_Battle,None,48,48,300,400,174,FALSE,FALSE,EPalBattleBGMType::Cute,FALSE,FALSE,150,1,2,25,90,1,TRUE,FALSE,0,FALSE,TRUE,100,50,1250,0,0,1,0,1,1,1,0,0,0,0,1,0,None,None,None,None,107,FALSE,,,12,SkillUnlock_Monkey,AssaultRifle,AssaultRifle,20,22,26,32,40,,,,,,,,,,,,,,,,,,,,
Blazehowl,Manticore,None,None,None,TRUE,EPalTribeID::Manticore,Manticore,84,,EPalSizeType::L,7,EPalElementType::Fire,EPalElementType::None,EPalGenusCategoryType::FourLegged,EPalOrganizationType::None,EPalWeaponType::None,FALSE,105,100,110,80,100,100,1,1,1,4040,Warlike,None,90,180,750,900,465,FALSE,FALSE,EPalBattleBGMType::Strong,FALSE,FALSE,475,1,7,25,90,1,FALSE,FALSE,5,TRUE,TRUE,100,50,710,3,0,0,0,0,0,2,0,0,0,0,0,0,None,None,None,None,108,FALSE,,,32,SkillUnlock_Manticore,Saddle,,,,,,,TRUE,Ground,,,,,,,,,,,,,,ElementAddDrop_Leaf_1_PAL,ElementAddDrop_Leaf_2_PAL,ElementAddDrop_Leaf_3_PAL,ElementAddDrop_Leaf_4_PAL,ElementAddDrop_Leaf_5_PAL
Blazehowl Noct,Manticore_Dark,None,None,None,TRUE,EPalTribeID::Manticore_Dark,Manticore_Dark,84,B,EPalSizeType::L,8,EPalElementType::Fire,EPalElementType::Dark,EPalGenusCategoryType::FourLegged,EPalOrganizationType::None,EPalWeaponType::None,FALSE,105,100,115,80,100,100,1,1,1,4360,Warlike,None,60,90,750,900,420,FALSE,FALSE,EPalBattleBGMType::Strong,FALSE,FALSE,475,1,7,25,90,1,FALSE,TRUE,5,TRUE,TRUE,100,50,670,3,0,0,0,0,0,2,0,0,0,0,0,0,None,None,None,None,109,TRUE,,B,35,SkillUnlock_Manticore_Dark,Saddle,,,,,,,TRUE,Ground,,,,,,,,,,,,,,ElementAddDrop_Normal_1_PAL,ElementAddDrop_Normal_2_PAL,ElementAddDrop_Normal_3_PAL,ElementAddDrop_Normal_4_PAL,ElementAddDrop_Normal_5_PAL
Kingpaca,KingAlpaca,None,None,None,TRUE,EPalTribeID::KingAlpaca,KingAlpaca,89,,EPalSizeType::XL,8,EPalElementType::Normal,EPalElementType::None,EPalGenusCategoryType::FourLegged,EPalOrganizationType::None,EPalWeaponType::None,FALSE,120,100,85,90,100,100,1,1,1,5800,Escape_to_Battle,None,80,80,500,700,290,FALSE,FALSE,EPalBattleBGMType::Cool,FALSE,FALSE,475,1,7,25,90,1,FALSE,FALSE,5,FALSE,TRUE,100,90,470,0,0,0,0,0,1,0,0,0,0,0,0,0,None,None,None,None,110,FALSE,,,22,SkillUnlock_KingAlpaca,Saddle,,,,,,,TRUE,Ground,,,,,,,,,,,,,8,MaxInventoryWeight_up_Partnerskill_6,MaxInventoryWeight_up_Partnerskill_7,MaxInventoryWeight_up_Partnerskill_8,MaxInventoryWeight_up_Partnerskill_9,MaxInventoryWeight_up_Partnerskill_10
Kingpaca Cryst,KingAlpaca_Ice,None,None,None,TRUE,EPalTribeID::KingAlpaca_Ice,KingAlpaca_Ice,89,B,EPalSizeType::XL,9,EPalElementType::Ice,EPalElementType::None,EPalGenusCategoryType::FourLegged,EPalOrganizationType::None,EPalWeaponType::None,FALSE,120,100,85,90,100,100,1,1,1,6100,Escape_to_Battle,None,80,80,500,700,290,FALSE,FALSE,EPalBattleBGMType::Cool,FALSE,FALSE,475,1,7,25,90,1,FALSE,FALSE,5,FALSE,TRUE,100,90,440,0,0,0,0,0,1,0,0,0,0,3,0,0,None,None,None,None,111,TRUE,,B,42,SkillUnlock_KingAlpaca_Ice,Saddle,,,,,,,TRUE,Ground,,,,,,,,,,,,,8,MaxInventoryWeight_up_Partnerskill_6,MaxInventoryWeight_up_Partnerskill_7,MaxInventoryWeight_up_Partnerskill_8,MaxInventoryWeight_up_Partnerskill_9,MaxInventoryWeight_up_Partnerskill_10
Gumoss,PlantSlime,None,None,None,TRUE,EPalTribeID::PlantSlime,PlantSlime,13,,EPalSizeType::XS,1,EPalElementType::Leaf,EPalElementType::Earth,EPalGenusCategoryType::Other,EPalOrganizationType::None,EPalWeaponType::None,FALSE,70,100,70,70,100,100,1.8,1.3,1,1310,Escape_to_Battle,None,50,50,300,400,175,FALSE,FALSE,EPalBattleBGMType::Cute,FALSE,FALSE,100,1,1,25,90,1,TRUE,FALSE,0,FALSE,TRUE,100,50,1240,0,0,1,0,0,0,0,0,0,0,0,0,0,None,None,None,None,112,FALSE,,,,,,,,,,,,,,,,,,,,,,,,,,,TrainerLogging_up_PartnerSkill_1,TrainerLogging_up_PartnerSkill_2,TrainerLogging_up_PartnerSkill_3,TrainerLogging_up_PartnerSkill_4,TrainerLogging_up_PartnerSkill_5
Gumoss (Special),PlantSlime_Flower,PAL_NAME_PlantSlime,None,PARTNERSKILL_PlantSlime,TRUE,EPalTribeID::PlantSlime,PlantSlime_Flower,13,B,EPalSizeType::XS,10,EPalElementType::Leaf,EPalElementType::Earth,EPalGenusCategoryType::Other,EPalOrganizationType::None,EPalWeaponType::None,FALSE,70,100,70,70,100,100,1.8,1.3,1,1310,Escape_to_Battle,None,50,50,300,400,175,FALSE,FALSE,EPalBattleBGMType::Cute,FALSE,FALSE,100,1,1,25,90,1,TRUE,FALSE,0,FALSE,TRUE,100,50,1240,0,0,1,0,0,0,0,0,0,0,0,0,0,None,None,None,None,113,FALSE,,B,,,,,,,,,,,,,,,,,,,,,,,,,TrainerLogging_up_PartnerSkill_1,TrainerLogging_up_PartnerSkill_2,TrainerLogging_up_PartnerSkill_3,TrainerLogging_up_PartnerSkill_4,TrainerLogging_up_PartnerSkill_5
Swee,MopBaby,None,None,None,TRUE,EPalTribeID::MopBaby,MopBaby,53,,EPalSizeType::XS,1,EPalElementType::Ice,EPalElementType::None,EPalGenusCategoryType::Other,EPalOrganizationType::None,EPalWeaponType::None,FALSE,60,100,60,60,100,100,1.3,1.1,1,1180,Escape_to_Battle,None,55,100,250,400,175,FALSE,FALSE,EPalBattleBGMType::Cute,FALSE,FALSE,150,1,2,25,90,1,TRUE,FALSE,0,FALSE,TRUE,100,50,1300,0,0,0,0,0,1,0,0,0,0,1,0,0,None,None,None,None,114,FALSE,,,,,,,,,,,,,,,,,,,,,,,,,,Sweepa,PAL_TribePassive_Test,PAL_TribePassive_1,PAL_TribePassive_2,PAL_TribePassive_3,PAL_TribePassive_4
Sweepa,MopKing,None,None,None,TRUE,EPalTribeID::MopKing,MopKing,54,,EPalSizeType::L,6,EPalElementType::Ice,EPalElementType::None,EPalGenusCategoryType::Other,EPalOrganizationType::None,EPalWeaponType::None,FALSE,100,100,90,90,100,100,1,1,1,6400,Escape_to_Battle,None,60,120,300,500,210,FALSE,FALSE,EPalBattleBGMType::Cute,FALSE,FALSE,225,1,3,25,90,1,FALSE,FALSE,5,FALSE,TRUE,100,50,410,0,0,0,0,0,2,0,0,0,0,2,0,0,None,None,None,None,115,FALSE,,,14,SkillUnlock_MopKing,Saddle,,,,,,,TRUE,Ground,,,,,,,,,,,,,,,ATK_up_PartnerSkill_1,ATK_up_PartnerSkill_2,ATK_up_PartnerSkill_3,ATK_up_PartnerSkill_4
Katress,CatMage,None,None,None,TRUE,EPalTribeID::CatMage,CatMage,75,,EPalSizeType::M,6,EPalElementType::Dark,EPalElementType::None,EPalGenusCategoryType::Humanoid,EPalOrganizationType::None,EPalWeaponType::None,FALSE,90,100,105,90,100,100,1,1,1,4120,Warlike,None,70,145,440,620,292,FALSE,FALSE,EPalBattleBGMType::Cute,FALSE,FALSE,350,1,5,25,90,1,FALSE,TRUE,3,FALSE,TRUE,100,50,700,0,0,0,0,2,0,0,0,0,2,0,2,0,None,None,None,None,116,FALSE,,,,,,,,,,,,,,,,,,,,,,,,,,,ElementAddDrop_Normal_1_PAL,ElementAddDrop_Normal_2_PAL,ElementAddDrop_Normal_3_PAL,ElementAddDrop_Normal_4_PAL,ElementAddDrop_Normal_5_PAL
Ribbuny,PinkRabbit,None,None,None,TRUE,EPalTribeID::PinkRabbit,PinkRabbit,39,,EPalSizeType::XS,1,EPalElementType::Normal,EPalElementType::None,EPalGenusCategoryType::Humanoid,EPalOrganizationType::None,EPalWeaponType::None,FALSE,75,100,65,70,100,100,1,1,1,1160,Escape_to_Battle,None,50,100,245,350,172,FALSE,FALSE,EPalBattleBGMType::Cute,FALSE,FALSE,150,1,2,25,90,1,TRUE,FALSE,0,FALSE,TRUE,100,50,1310,0,0,0,0,1,1,0,0,0,0,0,1,0,None,None,None,None,117,FALSE,,,,,,,,,,,,,,working at weapon workbench or weapon assembly I/II,CraftSpeed_PartnerSkill_1,CraftSpeed_PartnerSkill_2,CraftSpeed_PartnerSkill_3,CraftSpeed_PartnerSkill_4,CraftSpeed_PartnerSkill_5,,,,,,,Normal Pal,PAL_ElementPassive_Test,PAL_ElementPassive_1,PAL_ElementPassive_2,PAL_ElementPassive_3,PAL_ElementPassive_4
Beakon,ThunderBird,None,None,None,TRUE,EPalTribeID::ThunderBird,ThunderBird,73,,EPalSizeType::L,6,EPalElementType::Electricity,EPalElementType::None,EPalGenusCategoryType::Bird,EPalOrganizationType::None,EPalWeaponType::None,FALSE,105,100,115,80,100,100,1,1,1,7490,Warlike,None,100,200,750,1200,375,FALSE,FALSE,EPalBattleBGMType::Cool,FALSE,FALSE,475,1,7,25,90,1,FALSE,FALSE,5,TRUE,TRUE,160,50,220,0,0,0,2,0,1,0,0,0,0,0,3,0,None,None,None,None,118,FALSE,,,34,SkillUnlock_ThunderBird,Saddle,,,,,,,TRUE,Fly,together,GiveAElectricity_Ride,GiveAElectricity_Ride,GiveAElectricity_Ride,GiveAElectricity_Ride,GiveAElectricity_Ride,,,,,,,,GiveElement_TrainerATK_UP_PartnerSkill_Ride_1,GiveElement_TrainerATK_UP_PartnerSkill_Ride_2,GiveElement_TrainerATK_UP_PartnerSkill_Ride_3,GiveElement_TrainerATK_UP_PartnerSkill_Ride_4,GiveElement_TrainerATK_UP_PartnerSkill_Ride_5
Warsect,HerculesBeetle,None,None,None,TRUE,EPalTribeID::HerculesBeetle,HerculesBeetle,92,,EPalSizeType::L,8,EPalElementType::Earth,EPalElementType::Leaf,EPalGenusCategoryType::Humanoid,EPalOrganizationType::None,EPalWeaponType::None,FALSE,120,100,100,120,100,100,1,1,1,6830,Warlike,None,55,110,500,600,110,FALSE,FALSE,EPalBattleBGMType::Cool,FALSE,FALSE,400,1,6,25,90,1,FALSE,FALSE,5,FALSE,TRUE,100,85,340,0,0,1,0,1,0,3,0,0,0,0,3,0,Deffence_up1,None,None,None,119,FALSE,,,,,,,,,,,,,,,TrainerFireResist_UP_PartnerSkill_1,TrainerFireResist_UP_PartnerSkill_2,TrainerFireResist_UP_PartnerSkill_3,TrainerFireResist_UP_PartnerSkill_4,TrainerFireResist_UP_PartnerSkill_5,,,,,,,,TrainerDEF_UP_PartnerSkill_1,TrainerDEF_UP_PartnerSkill_2,TrainerDEF_UP_PartnerSkill_3,TrainerDEF_UP_PartnerSkill_4,TrainerDEF_UP_PartnerSkill_5
Paladius,SaintCentaur,None,None,None,TRUE,EPalTribeID::SaintCentaur,SaintCentaur,108,B,EPalSizeType::L,20,EPalElementType::Normal,EPalElementType::None,EPalGenusCategoryType::FourLegged,EPalOrganizationType::None,EPalWeaponType::None,FALSE,130,110,120,145,100,100,1,1,1,8810,Warlike,None,50,100,800,1400,450,FALSE,FALSE,EPalBattleBGMType::Legend,FALSE,FALSE,600,1,9,25,90,1,FALSE,FALSE,5,FALSE,TRUE,100,50,80,0,0,0,0,0,0,2,2,0,0,0,0,0,Legend,ElementBoost_Normal_2_PAL,None,None,120,TRUE,,,49,SkillUnlock_SaintCentaur,Saddle,,,,,,,TRUE,Ground,,,,,,,,,,,,,mounted,,MoveSpeed_up_PartnerSkill_Ride_1,MoveSpeed_up_PartnerSkill_Ride_2,MoveSpeed_up_PartnerSkill_Ride_3,MoveSpeed_up_PartnerSkill_Ride_4
Nox,NightFox,None,None,None,TRUE,EPalTribeID::NightFox,NightFox,21,,EPalSizeType::XS,6,EPalElementType::Dark,EPalElementType::None,EPalGenusCategoryType::FourLegged,EPalOrganizationType::None,EPalWeaponType::None,FALSE,75,70,85,70,140,100,1,1,1,1480,Escape_to_Battle,None,30,60,300,500,164,FALSE,FALSE,EPalBattleBGMType::Cute,FALSE,FALSE,150,1,2,25,90,1,TRUE,FALSE,0,FALSE,TRUE,100,50,1180,0,0,0,0,0,1,0,0,0,0,0,0,0,None,None,None,None,121,FALSE,,,,,,,,,,,,,,together,GiveADark,GiveADark,GiveADark,GiveADark,GiveADark,,,,,,,,GiveElement_TrainerATK_UP_PartnerSkill_1,GiveElement_TrainerATK_UP_PartnerSkill_2,GiveElement_TrainerATK_UP_PartnerSkill_3,GiveElement_TrainerATK_UP_PartnerSkill_4,GiveElement_TrainerATK_UP_PartnerSkill_5
Penking,CaptainPenguin,None,None,None,TRUE,EPalTribeID::CaptainPenguin,CaptainPenguin,11,,EPalSizeType::L,6,EPalElementType::Water,EPalElementType::Ice,EPalGenusCategoryType::Humanoid,EPalOrganizationType::None,EPalWeaponType::None,FALSE,95,70,95,95,100,100,1,1,1,5410,Warlike,None,50,110,450,600,280,FALSE,FALSE,EPalBattleBGMType::Cute,FALSE,FALSE,525,1,8,25,90,1,FALSE,FALSE,3,FALSE,TRUE,100,50,520,0,2,0,0,2,0,0,2,0,0,2,2,0,None,None,None,None,122,FALSE,,,,,,,,,,,,,,,,,,,,,,,,,,,ElementAddDrop_Fire_1_PAL,ElementAddDrop_Fire_2_PAL,ElementAddDrop_Fire_3_PAL,ElementAddDrop_Fire_4_PAL,ElementAddDrop_Fire_5_PAL
Chillet,WeaselDragon,None,None,None,TRUE,EPalTribeID::WeaselDragon,WeaselDragon,55,,EPalSizeType::M,4,EPalElementType::Ice,EPalElementType::Dragon,EPalGenusCategoryType::FourLegged,EPalOrganizationType::None,EPalWeaponType::None,FALSE,90,100,80,80,100,100,1,1,1,3450,Escape_to_Battle,None,100,180,600,800,390,FALSE,FALSE,EPalBattleBGMType::Cute,FALSE,FALSE,225,1,3,25,90,1,FALSE,FALSE,0,FALSE,TRUE,100,50,800,0,0,0,0,0,1,0,0,0,0,1,0,0,None,None,None,None,123,FALSE,,,13,SkillUnlock_WeaselDragon,Saddle,,,,,,,TRUE,Ground,together,GiveADragon_Ride,GiveADragon_Ride,GiveADragon_Ride,GiveADragon_Ride,GiveADragon_Ride,,,,,,,,GiveElement_TrainerATK_UP_PartnerSkill_Ride_1,GiveElement_TrainerATK_UP_PartnerSkill_Ride_2,GiveElement_TrainerATK_UP_PartnerSkill_Ride_3,GiveElement_TrainerATK_UP_PartnerSkill_Ride_4,GiveElement_TrainerATK_UP_PartnerSkill_Ride_5
Quivern,SkyDragon,None,None,None,TRUE,EPalTribeID::SkyDragon,SkyDragon,95,,EPalSizeType::L,7,EPalElementType::Dragon,EPalElementType::None,EPalGenusCategoryType::Dragon,EPalOrganizationType::None,EPalWeaponType::None,FALSE,105,100,100,100,100,100,1,1,1,6830,NotInterested,None,120,240,800,950,470,FALSE,FALSE,EPalBattleBGMType::Cute,FALSE,FALSE,300,1,4,25,90,1,FALSE,FALSE,5,FALSE,TRUE,220,50,350,0,0,0,0,1,2,0,2,0,0,0,3,0,None,None,None,None,124,FALSE,,,36,SkillUnlock_SkyDragon,Saddle,,,,,,,TRUE,Fly+Land,,,,,,,,,,,,,,ElementBoost_Dragon_PAL_PartnerSKill_1,ElementBoost_Dragon_PAL_PartnerSKill_2,ElementBoost_Dragon_PAL_PartnerSKill_3,ElementBoost_Dragon_PAL_PartnerSKill_4,ElementBoost_Dragon_PAL_PartnerSKill_5
Helzephyr,HadesBird,None,None,None,TRUE,EPalTribeID::HadesBird,HadesBird,97,,EPalSizeType::L,7,EPalElementType::Dark,EPalElementType::None,EPalGenusCategoryType::Bird,EPalOrganizationType::None,EPalWeaponType::None,FALSE,100,100,125,100,100,100,1,1,1,7840,Warlike,None,100,100,700,1100,450,FALSE,FALSE,EPalBattleBGMType::Strong,FALSE,FALSE,525,1,8,25,90,1,FALSE,TRUE,5,TRUE,TRUE,170,50,190,0,0,0,0,0,0,0,0,0,0,0,3,0,None,None,None,None,125,FALSE,,,33,SkillUnlock_HadesBird,Saddle,,,,,,,TRUE,Fly+Land,together,GiveADark_Ride,GiveADark_Ride,GiveADark_Ride,GiveADark_Ride,GiveADark_Ride,,,,,,,,GiveElement_TrainerATK_UP_PartnerSkill_Ride_1,GiveElement_TrainerATK_UP_PartnerSkill_Ride_2,GiveElement_TrainerATK_UP_PartnerSkill_Ride_3,GiveElement_TrainerATK_UP_PartnerSkill_Ride_4,GiveElement_TrainerATK_UP_PartnerSkill_Ride_5
Ragnahawk,RedArmorBird,None,None,None,TRUE,EPalTribeID::RedArmorBird,RedArmorBird,74,,EPalSizeType::L,7,EPalElementType::Fire,EPalElementType::None,EPalGenusCategoryType::Bird,EPalOrganizationType::None,EPalWeaponType::None,FALSE,95,100,105,120,100,100,1,1,1,6720,Warlike,None,100,200,800,1300,375,FALSE,FALSE,EPalBattleBGMType::Strong,FALSE,FALSE,475,1,7,25,90,1,FALSE,FALSE,5,TRUE,TRUE,150,50,380,3,0,0,0,0,0,0,0,0,0,0,3,0,None,None,None,None,126,FALSE,,,37,SkillUnlock_RedArmorBird,Saddle,,,,,,,TRUE,Fly+Land,together,GiveAFire_Ride,GiveAFire_Ride,GiveAFire_Ride,GiveAFire_Ride,GiveAFire_Ride,,,,,,,,GiveElement_TrainerATK_UP_PartnerSkill_Ride_1,GiveElement_TrainerATK_UP_PartnerSkill_Ride_2,GiveElement_TrainerATK_UP_PartnerSkill_Ride_3,GiveElement_TrainerATK_UP_PartnerSkill_Ride_4,GiveElement_TrainerATK_UP_PartnerSkill_Ride_5
Bushi,Ronin,None,None,None,TRUE,EPalTribeID::Ronin,Ronin,72,,EPalSizeType::M,7,EPalElementType::Fire,EPalElementType::None,EPalGenusCategoryType::Humanoid,EPalOrganizationType::None,EPalWeaponType::None,FALSE,80,100,125,80,100,100,1,1,1,4520,Warlike,None,80,160,600,900,320,FALSE,FALSE,EPalBattleBGMType::Cool,FALSE,FALSE,300,1,4,25,90,1,FALSE,FALSE,5,FALSE,TRUE,100,50,640,2,0,0,0,1,1,3,0,0,0,0,2,0,None,None,None,None,127,FALSE,,,,,,Unique_Ronin_Iai,1.1,1.3,1.6,2,2.5,,,,,,,,,,,,,,,,,,,,
Celaray,FlyingManta,None,None,None,TRUE,EPalTribeID::FlyingManta,FlyingManta,25,,EPalSizeType::M,3,EPalElementType::Water,EPalElementType::None,EPalGenusCategoryType::Other,EPalOrganizationType::None,EPalWeaponType::None,FALSE,80,100,70,80,100,100,1.2,1.1,1,2860,Escape_to_Battle,None,30,150,550,700,350,FALSE,FALSE,EPalBattleBGMType::Cute,FALSE,FALSE,225,1,3,25,90,1,FALSE,FALSE,0,FALSE,TRUE,100,50,870,0,1,0,0,0,0,0,0,0,0,0,1,0,None,None,None,None,128,FALSE,,,7,SkillUnlock_FlyingManta,Gloves,,,,,,,,,,,,,,,,,,,,,,,,,,
Necromus,BlackCentaur,None,None,None,TRUE,EPalTribeID::BlackCentaur,BlackCentaur,109,B,EPalSizeType::L,20,EPalElementType::Dark,EPalElementType::None,EPalGenusCategoryType::FourLegged,EPalOrganizationType::None,EPalWeaponType::None,FALSE,130,100,145,120,100,100,1,1,1,8930,Warlike,None,100,350,900,1600,625,FALSE,FALSE,EPalBattleBGMType::Legend,FALSE,FALSE,600,1,9,25,90,1,FALSE,TRUE,5,FALSE,TRUE,100,50,70,0,0,0,0,0,0,2,2,0,0,0,0,0,Legend,ElementBoost_Dark_2_PAL,None,None,129,TRUE,,,49,killUnlock_BlackCentaur,Saddle,,,,,,,TRUE,Ground,,,,,,,,,,,,,mounted,,MoveSpeed_up_PartnerSkill_Ride_1,MoveSpeed_up_PartnerSkill_Ride_2,MoveSpeed_up_PartnerSkill_Ride_3,MoveSpeed_up_PartnerSkill_Ride_4
Petallia,FlowerDoll,None,None,None,TRUE,EPalTribeID::FlowerDoll,FlowerDoll,87,,EPalSizeType::M,8,EPalElementType::Leaf,EPalElementType::None,EPalGenusCategoryType::Humanoid,EPalOrganizationType::None,EPalWeaponType::None,FALSE,100,100,95,100,100,100,1,1,1,3590,Escape_to_Battle,None,100,150,550,700,350,FALSE,FALSE,EPalBattleBGMType::Cute,FALSE,FALSE,225,1,3,25,90,1,FALSE,FALSE,3,FALSE,TRUE,100,50,780,0,0,3,0,2,2,0,0,0,2,0,1,0,None,None,None,None,130,FALSE,,,,,,Heal_FlowerDoll,400,440,520,640,800,,,,,,,,,,,,,,,,,,,,
Grintale,NaughtyCat,None,None,None,TRUE,EPalTribeID::NaughtyCat,NaughtyCat,52,,EPalSizeType::L,6,EPalElementType::Normal,EPalElementType::None,EPalGenusCategoryType::FourLegged,EPalOrganizationType::None,EPalWeaponType::None,FALSE,110,100,80,80,100,100,1,1,1,5510,Friendly,None,32,64,600,800,332,FALSE,FALSE,EPalBattleBGMType::Cute,FALSE,FALSE,300,1,4,25,90,1,FALSE,FALSE,1,FALSE,TRUE,100,50,510,0,0,0,0,0,2,0,0,0,0,0,0,0,None,None,None,None,131,FALSE,,,13,SkillUnlock_NaughtyCat,Saddle,,,,,,,TRUE,Ground,,,,,,,,,,,,,,ElementBoost_Normal_PAL_PartnerSKill_1,ElementBoost_Normal_PAL_PartnerSKill_2,ElementBoost_Normal_PAL_PartnerSKill_3,ElementBoost_Normal_PAL_PartnerSKill_4,ElementBoost_Normal_PAL_PartnerSKill_5
Cinnamoth,CuteButterfly,None,None,None,TRUE,EPalTribeID::CuteButterfly,CuteButterfly,41,,EPalSizeType::M,4,EPalElementType::Leaf,EPalElementType::None,EPalGenusCategoryType::Bird,EPalOrganizationType::None,EPalWeaponType::None,FALSE,70,100,80,80,100,100,1,1,1,5700,Escape_to_Battle,None,30,150,550,700,350,FALSE,FALSE,EPalBattleBGMType::Cute,FALSE,FALSE,225,1,3,25,90,1,FALSE,FALSE,0,FALSE,TRUE,100,50,490,0,0,2,0,0,0,0,0,0,1,0,0,0,None,None,None,None,132,FALSE,,,,,,PoisonFog,1.1,1.3,1.6,2,2.5,,,,,,,,,,,,,,,,,,,,
Menasting,DarkScorpion,None,None,None,TRUE,EPalTribeID::DarkScorpion,DarkScorpion,99,,EPalSizeType::L,9,EPalElementType::Dark,EPalElementType::Earth,EPalGenusCategoryType::Other,EPalOrganizationType::None,EPalWeaponType::None,FALSE,100,100,100,130,100,100,1,1,1,7050,Warlike,None,100,200,1000,1200,600,FALSE,FALSE,EPalBattleBGMType::Strong,FALSE,FALSE,475,1,7,25,90,1,FALSE,TRUE,5,TRUE,TRUE,100,50,260,0,0,0,0,0,0,2,3,0,0,0,0,0,None,None,None,None,133,FALSE,,,,,,,,,,,,,,,TrainerDEF_UP_PartnerSkill_3,TrainerDEF_UP_PartnerSkill_4,TrainerDEF_UP_PartnerSkill_5,TrainerDEF_UP_PartnerSkill_6,TrainerDEF_UP_PartnerSkill_7,,,,,,,,ElementAddDrop_Thunder_1_PAL,ElementAddDrop_Thunder_2_PAL,ElementAddDrop_Thunder_3_PAL,ElementAddDrop_Thunder_4_PAL,ElementAddDrop_Thunder_5_PAL
Orserk,ThunderDragonMan,None,None,None,TRUE,EPalTribeID::ThunderDragonMan,ThunderDragonMan,106,B,EPalSizeType::L,9,EPalElementType::Dragon,EPalElementType::Electricity,EPalGenusCategoryType::Humanoid,EPalOrganizationType::None,EPalWeaponType::None,FALSE,100,100,130,100,100,100,1,1,1,8320,Warlike,None,100,185,900,1200,250,FALSE,FALSE,EPalBattleBGMType::Strong,FALSE,FALSE,475,1,7,25,90,1,FALSE,FALSE,5,TRUE,TRUE,100,50,140,0,0,0,4,2,0,0,0,0,0,0,3,0,ElementBoost_Thunder_2_PAL,None,None,None,134,TRUE,,,,,,,,,,,,,,,,,,,,,,,,,,,ElementAddDrop_Aqua_1_PAL,ElementAddDrop_Aqua_2_PAL,ElementAddDrop_Aqua_3_PAL,ElementAddDrop_Aqua_4_PAL,ElementAddDrop_Aqua_5_PAL
Cremis,WoolFox,None,None,None,TRUE,EPalTribeID::WoolFox,WoolFox,18,,EPalSizeType::XS,1,EPalElementType::Normal,EPalElementType::None,EPalGenusCategoryType::FourLegged,EPalOrganizationType::None,EPalWeaponType::None,FALSE,70,100,70,75,100,100,1.7,1.3,1,1420,Escape_to_Battle,None,20,40,300,450,170,FALSE,FALSE,EPalBattleBGMType::Cute,FALSE,FALSE,150,1,2,25,90,1,TRUE,FALSE,0,FALSE,TRUE,100,50,1455,0,0,0,0,0,1,0,0,0,0,0,0,1,None,None,None,None,135,FALSE,,,,,,,,,,,,,,in base,CharacterSpawnItem_Alpaca_1,CharacterSpawnItem_Alpaca_2,CharacterSpawnItem_Alpaca_3,CharacterSpawnItem_Alpaca_4,CharacterSpawnItem_Alpaca_5,,,,,,,Normal Pal,PAL_ElementPassive_Test,PAL_ElementPassive_1,PAL_ElementPassive_2,PAL_ElementPassive_3,PAL_ElementPassive_4
Dumud,LazyCatfish,None,None,None,TRUE,EPalTribeID::LazyCatfish,LazyCatfish,43,,EPalSizeType::M,4,EPalElementType::Earth,EPalElementType::None,EPalGenusCategoryType::Fish,EPalOrganizationType::None,EPalWeaponType::None,FALSE,100,100,70,95,100,100,1,1,1,4690,NotInterested,None,100,150,450,600,300,FALSE,FALSE,EPalBattleBGMType::Cute,FALSE,FALSE,300,1,4,25,90,1,FALSE,FALSE,0,FALSE,TRUE,100,50,895,0,1,0,0,0,0,0,2,1,0,0,1,0,None,None,None,None,136,FALSE,,,,,,,,,,,,,,,,,,,,,,,,,,Earth Pal,PAL_ElementPassive_Test,PAL_ElementPassive_1,PAL_ElementPassive_2,PAL_ElementPassive_3,PAL_ElementPassive_4
Flambelle,LavaGirl,None,None,None,TRUE,EPalTribeID::LavaGirl,LavaGirl,70,,EPalSizeType::XS,1,EPalElementType::Fire,EPalElementType::None,EPalGenusCategoryType::Humanoid,EPalOrganizationType::None,EPalWeaponType::None,FALSE,60,100,70,80,100,100,1.3,1.1,1,2500,Escape_to_Battle,None,65,98,250,375,140,FALSE,FALSE,EPalBattleBGMType::Cute,FALSE,FALSE,150,1,2,25,90,1,TRUE,FALSE,0,FALSE,TRUE,100,50,1405,1,0,0,0,1,0,0,0,0,0,0,1,1,None,None,None,None,137,FALSE,,,,,,,,,,,,,,,,,,,,,,,,,,,CharacterSpawnItem_LavaGirl_1,CharacterSpawnItem_LavaGirl_2,CharacterSpawnItem_LavaGirl_3,CharacterSpawnItem_LavaGirl_4,CharacterSpawnItem_LavaGirl_5
Rooby,FlameBambi,None,None,None,TRUE,EPalTribeID::FlameBambi,FlameBambi,9,,EPalSizeType::S,2,EPalElementType::Fire,EPalElementType::None,EPalGenusCategoryType::FourLegged,EPalOrganizationType::None,EPalWeaponType::None,FALSE,75,100,70,75,100,100,1.3,1.1,1,2950,Escape_to_Battle,None,70,100,400,550,-1,FALSE,FALSE,EPalBattleBGMType::Cute,FALSE,FALSE,225,1,3,25,90,1,FALSE,FALSE,0,FALSE,TRUE,100,50,1155,1,0,0,0,0,0,0,0,0,0,0,0,0,None,None,None,None,138,FALSE,,,,,,,,,,,,,,,,,,,,,,,,,,Fire Pal,PAL_ElementPassive_Test,PAL_ElementPassive_1,PAL_ElementPassive_2,PAL_ElementPassive_3,PAL_ElementPassive_4