Name,CodeName,PalPassive,EffectTypeCombined,EffectDescFromData,Conditions,Rank,OverrideDescMsgID,EffectType1,ValueType1,EffectValue1,TargetType1,EffectType2,ValueType2,EffectValue2,TargetType2,EffectType3,ValueType3,EffectValue3,TargetType3,InvokeActiveOtomo,InvokeWorker,InvokeRiding,InvokeReserve,InvokeInOtomo,InvokeAlways,AddPal,AddRarePal,AddShotWeapon,AddMeleeWeapon,AddArmor,AddAccessory,OverrideNameTextID,OverrideSummaryTextId
en Text,TestSkill1,,MaxHP,MaxHP: # on Self,,1,None,MaxHP,%,5,Self,,#N/A,0,,,#N/A,0,,FALSE,FALSE,FALSE,FALSE,FALSE,FALSE,FALSE,FALSE,FALSE,TRUE,TRUE,TRUE,None,None
en Text,TestSkill2,,MeleeAttack,MeleeAttack: # on Self,,1,None,MeleeAttack,%,5,Self,,#N/A,0,,,#N/A,0,,FALSE,FALSE,FALSE,FALSE,FALSE,FALSE,FALSE,FALSE,FALSE,TRUE,FALSE,FALSE,None,None
en Text,TestSkill3,,ShotAttack,ShotAttack: # on Self,,1,None,ShotAttack,%,5,Self,,#N/A,0,,,#N/A,0,,FALSE,FALSE,FALSE,FALSE,FALSE,FALSE,FALSE,FALSE,FALSE,FALSE,FALSE,FALSE,None,None
en Text,TestSkill4,,Defense,Defense: # on Self,,1,None,Defense,%,5,Self,,#N/A,0,,,#N/A,0,,FALSE,FALSE,FALSE,FALSE,FALSE,FALSE,FALSE,FALSE,FALSE,FALSE,FALSE,FALSE,None,None
en Text,TestSkill5,,Support,Support: # on Self,,1,None,Support,#N/A,5,Self,,#N/A,0,,,#N/A,0,,FALSE,FALSE,FALSE,FALSE,FALSE,FALSE,FALSE,FALSE,FALSE,FALSE,FALSE,FALSE,None,None
en Text,TestSkill6,,CraftSpeed,CraftSpeed: # on Self,,1,None,CraftSpeed,%,5,Self,,#N/A,0,,,#N/A,0,,FALSE,FALSE,FALSE,FALSE,FALSE,FALSE,FALSE,FALSE,FALSE,FALSE,FALSE,FALSE,None,None
en Text,TestSkill7,,Defense. MeleeAttack. ShotAttack,Defense: # on Self. MeleeAttack: # on Self. ShotAttack: # on Self,,1,None,Defense,%,20,Self,MeleeAttack,%,-10,Self,ShotAttack,%,-10,Self,FALSE,FALSE,FALSE,FALSE,FALSE,FALSE,FALSE,FALSE,FALSE,FALSE,FALSE,FALSE,None,None
en Text,TestSkill8,,Defense. MeleeAttack. ShotAttack,Defense: # on Self. MeleeAttack: # on Self. ShotAttack: # on Self,,1,None,Defense,%,-20,Self,MeleeAttack,%,10,Self,ShotAttack,%,10,Self,FALSE,FALSE,FALSE,FALSE,FALSE,FALSE,FALSE,FALSE,FALSE,FALSE,FALSE,FALSE,None,None
Health Up Lv. 1,HP_ACC_up1,,MaxHP,MaxHP: # on Self,,1,None,MaxHP,%,5,Self,,#N/A,0,,,#N/A,0,,FALSE,FALSE,FALSE,FALSE,FALSE,FALSE,FALSE,FALSE,FALSE,FALSE,FALSE,FALSE,None,None
Health Up Lv. 2,HP_ACC_up2,,MaxHP,MaxHP: # on Self,,2,None,MaxHP,%,10,Self,,#N/A,0,,,#N/A,0,,FALSE,FALSE,FALSE,FALSE,FALSE,FALSE,FALSE,FALSE,FALSE,FALSE,FALSE,FALSE,None,None
Health Up Lv. 3,HP_ACC_up3,,MaxHP,MaxHP: # on Self,,3,None,MaxHP,%,15,Self,,#N/A,0,,,#N/A,0,,FALSE,FALSE,FALSE,FALSE,FALSE,FALSE,FALSE,FALSE,FALSE,FALSE,FALSE,FALSE,None,None
Attack Up Lv. 1,Attack_ACC_up1,,ShotAttack,ShotAttack: # on Self,,1,None,ShotAttack,%,5,Self,,#N/A,0,,,#N/A,0,,FALSE,FALSE,FALSE,FALSE,FALSE,FALSE,FALSE,FALSE,FALSE,FALSE,FALSE,FALSE,None,None
Attack Up Lv. 2,Attack_ACC_up2,,ShotAttack,ShotAttack: # on Self,,2,None,ShotAttack,%,10,Self,,#N/A,0,,,#N/A,0,,FALSE,FALSE,FALSE,FALSE,FALSE,FALSE,FALSE,FALSE,FALSE,FALSE,FALSE,FALSE,None,None
Attack Up Lv. 3,Attack_ACC_up3,,ShotAttack,ShotAttack: # on Self,,3,None,ShotAttack,%,15,Self,,#N/A,0,,,#N/A,0,,FALSE,FALSE,FALSE,FALSE,FALSE,FALSE,FALSE,FALSE,FALSE,FALSE,FALSE,FALSE,None,None
#N/A,Attack_ACC_up1_Gorilla,,ShotAttack,ShotAttack: # on Self,,1,None,ShotAttack,%,50,Self,,#N/A,0,,,#N/A,0,,FALSE,FALSE,FALSE,FALSE,FALSE,FALSE,FALSE,FALSE,FALSE,FALSE,FALSE,FALSE,None,None
#N/A,Attack_ACC_up2_Gorilla,,ShotAttack,ShotAttack: # on Self,,1,None,ShotAttack,%,75,Self,,#N/A,0,,,#N/A,0,,FALSE,FALSE,FALSE,FALSE,FALSE,FALSE,FALSE,FALSE,FALSE,FALSE,FALSE,FALSE,None,None
#N/A,Attack_ACC_up3_Gorilla,,ShotAttack,ShotAttack: # on Self,,2,None,ShotAttack,%,110,Self,,#N/A,0,,,#N/A,0,,FALSE,FALSE,FALSE,FALSE,FALSE,FALSE,FALSE,FALSE,FALSE,FALSE,FALSE,FALSE,None,None
#N/A,Attack_ACC_up4_Gorilla,,ShotAttack,ShotAttack: # on Self,,2,None,ShotAttack,%,150,Self,,#N/A,0,,,#N/A,0,,FALSE,FALSE,FALSE,FALSE,FALSE,FALSE,FALSE,FALSE,FALSE,FALSE,FALSE,FALSE,None,None
#N/A,Attack_ACC_up5_Gorilla,,ShotAttack,ShotAttack: # on Self,,3,None,ShotAttack,%,200,Self,,#N/A,0,,,#N/A,0,,FALSE,FALSE,FALSE,FALSE,FALSE,FALSE,FALSE,FALSE,FALSE,FALSE,FALSE,FALSE,None,None
Defense Up Lv. 1,defense_ACC_up1,,Defense,Defense: # on Self,,1,None,Defense,%,10,Self,,#N/A,0,,,#N/A,0,,FALSE,FALSE,FALSE,FALSE,FALSE,FALSE,FALSE,FALSE,FALSE,FALSE,FALSE,FALSE,None,None
Defense Up Lv. 2,defense_ACC_up2,,Defense,Defense: # on Self,,2,None,Defense,%,20,Self,,#N/A,0,,,#N/A,0,,FALSE,FALSE,FALSE,FALSE,FALSE,FALSE,FALSE,FALSE,FALSE,FALSE,FALSE,FALSE,None,None
Defense Up Lv. 3,defense_ACC_up3,,Defense,Defense: # on Self,,3,None,Defense,%,30,Self,,#N/A,0,,,#N/A,0,,FALSE,FALSE,FALSE,FALSE,FALSE,FALSE,FALSE,FALSE,FALSE,FALSE,FALSE,FALSE,None,None
Speedy Worker Lv. 1,WorkSpeed_ACC_up1,,CraftSpeed,CraftSpeed: # on Self,working,1,None,CraftSpeed,%,10,Self,,#N/A,0,,,#N/A,0,,FALSE,TRUE,FALSE,FALSE,FALSE,FALSE,FALSE,FALSE,FALSE,FALSE,FALSE,FALSE,None,None
Speedy Worker Lv. 2,WorkSpeed_ACC_up2,,CraftSpeed,CraftSpeed: # on Self,working,2,None,CraftSpeed,%,15,Self,,#N/A,0,,,#N/A,0,,FALSE,TRUE,FALSE,FALSE,FALSE,FALSE,FALSE,FALSE,FALSE,FALSE,FALSE,FALSE,None,None
Speedy Worker Lv. 3,WorkSpeed_ACC_up3,,CraftSpeed,CraftSpeed: # on Self,working,3,None,CraftSpeed,%,20,Self,,#N/A,0,,,#N/A,0,,FALSE,TRUE,FALSE,FALSE,FALSE,FALSE,FALSE,FALSE,FALSE,FALSE,FALSE,FALSE,None,None
en Text,TestHoming_L,,Homing,Homing: # on Self,,1,None,Homing,#N/A,0,Self,,#N/A,0,,,#N/A,0,,FALSE,FALSE,FALSE,FALSE,FALSE,FALSE,FALSE,FALSE,FALSE,FALSE,FALSE,FALSE,None,None
en Text,TestHoming_H,,Homing,Homing: # on Self,,1,None,Homing,#N/A,500,Self,,#N/A,0,,,#N/A,0,,FALSE,FALSE,FALSE,FALSE,FALSE,FALSE,FALSE,FALSE,FALSE,FALSE,FALSE,FALSE,None,None
en Text,TestExplosive_L,,Explosive,Explosive: # on Self,,1,None,Explosive,#N/A,50,Self,,#N/A,0,,,#N/A,0,,FALSE,FALSE,FALSE,FALSE,FALSE,FALSE,FALSE,FALSE,FALSE,FALSE,FALSE,FALSE,None,None
en Text,TestExplosive_H,,Explosive,Explosive: # on Self,,1,None,Explosive,#N/A,100,Self,,#N/A,0,,,#N/A,0,,FALSE,FALSE,FALSE,FALSE,FALSE,FALSE,FALSE,FALSE,FALSE,FALSE,FALSE,FALSE,None,None
en Text,BulletSpeed_L,,BulletSpeed,BulletSpeed: # on Self,,1,None,BulletSpeed,#N/A,200,Self,,#N/A,0,,,#N/A,0,,FALSE,FALSE,FALSE,FALSE,FALSE,FALSE,FALSE,FALSE,FALSE,FALSE,FALSE,FALSE,None,None
en Text,BulletSpeed_H,,BulletSpeed,BulletSpeed: # on Self,,1,None,BulletSpeed,#N/A,2000,Self,,#N/A,0,,,#N/A,0,,FALSE,FALSE,FALSE,FALSE,FALSE,FALSE,FALSE,FALSE,FALSE,FALSE,FALSE,FALSE,None,None
en Text,RecoilIncrease,,Recoil,Recoil: # on Self,,1,None,Recoil,#N/A,50,Self,,#N/A,0,,,#N/A,0,,FALSE,FALSE,FALSE,FALSE,FALSE,FALSE,FALSE,FALSE,FALSE,FALSE,FALSE,FALSE,None,None
en Text,RecoilDecrease,,Recoil,Recoil: # on Self,,1,None,Recoil,#N/A,-90,Self,,#N/A,0,,,#N/A,0,,FALSE,FALSE,FALSE,FALSE,FALSE,FALSE,FALSE,FALSE,FALSE,FALSE,FALSE,FALSE,None,None
en Text,AccuracyIncrease,,BulletAccuracy. ShotAttack,BulletAccuracy: # on Self. ShotAttack: # on Self,,1,None,BulletAccuracy,#N/A,90,Self,ShotAttack,%,0,Self,,#N/A,0,,FALSE,FALSE,FALSE,FALSE,FALSE,FALSE,FALSE,FALSE,FALSE,FALSE,FALSE,FALSE,None,None
en Text,AccuracyDecrease,,BulletAccuracy. ShotAttack,BulletAccuracy: # on Self. ShotAttack: # on Self,,1,None,BulletAccuracy,#N/A,-300,Self,ShotAttack,%,15,Self,,#N/A,0,,FALSE,FALSE,FALSE,FALSE,FALSE,FALSE,FALSE,FALSE,FALSE,FALSE,FALSE,FALSE,None,None
en Text,AccuracySuperDecrease,,BulletAccuracy. ShotAttack,BulletAccuracy: # on Self. ShotAttack: # on Self,,1,None,BulletAccuracy,#N/A,-1000,Self,ShotAttack,%,200,Self,,#N/A,0,,FALSE,FALSE,FALSE,FALSE,FALSE,FALSE,FALSE,FALSE,FALSE,FALSE,FALSE,FALSE,None,None
Artisan,CraftSpeed_up2,TRUE,CraftSpeed,CraftSpeed: # on Self,always,3,None,CraftSpeed,%,50,Self,,#N/A,0,,,#N/A,0,,FALSE,FALSE,FALSE,FALSE,FALSE,TRUE,TRUE,FALSE,FALSE,FALSE,FALSE,FALSE,None,None
Serious,CraftSpeed_up1,TRUE,CraftSpeed,CraftSpeed: # on Self,always,2,None,CraftSpeed,%,20,Self,,#N/A,0,,,#N/A,0,,FALSE,FALSE,FALSE,FALSE,FALSE,TRUE,TRUE,FALSE,FALSE,FALSE,FALSE,FALSE,None,None
Clumsy,CraftSpeed_down1,TRUE,CraftSpeed,CraftSpeed: # on Self,always,-1,None,CraftSpeed,%,-10,Self,,#N/A,0,,,#N/A,0,,FALSE,FALSE,FALSE,FALSE,FALSE,TRUE,TRUE,FALSE,FALSE,FALSE,FALSE,FALSE,None,None
Slacker,CraftSpeed_down2,TRUE,CraftSpeed,CraftSpeed: # on Self,always,-3,None,CraftSpeed,%,-30,Self,,#N/A,0,,,#N/A,0,,FALSE,FALSE,FALSE,FALSE,FALSE,TRUE,TRUE,FALSE,FALSE,FALSE,FALSE,FALSE,None,None
en Text,MeleeAttack_up2,,MeleeAttack,MeleeAttack: # on Self,,4,None,MeleeAttack,%,50,Self,,#N/A,0,,,#N/A,0,,FALSE,FALSE,FALSE,FALSE,FALSE,FALSE,FALSE,FALSE,FALSE,FALSE,FALSE,FALSE,None,None
en Text,MeleeAttack_up1,,MeleeAttack,MeleeAttack: # on Self,,3,None,MeleeAttack,%,20,Self,,#N/A,0,,,#N/A,0,,FALSE,FALSE,FALSE,FALSE,FALSE,FALSE,FALSE,FALSE,FALSE,FALSE,FALSE,FALSE,None,None
en Text,MeleeAttack_down1,,MeleeAttack,MeleeAttack: # on Self,,1,None,MeleeAttack,%,-10,Self,,#N/A,0,,,#N/A,0,,FALSE,FALSE,FALSE,FALSE,FALSE,FALSE,FALSE,FALSE,FALSE,FALSE,FALSE,FALSE,None,None
en Text,MeleeAttack_down2,,MeleeAttack,MeleeAttack: # on Self,,1,None,MeleeAttack,%,-30,Self,,#N/A,0,,,#N/A,0,,FALSE,FALSE,FALSE,FALSE,FALSE,FALSE,FALSE,FALSE,FALSE,FALSE,FALSE,FALSE,None,None
en Text,ShotAttack_up2,,ShotAttack,ShotAttack: # on Self,,3,None,ShotAttack,%,20,Self,,#N/A,0,,,#N/A,0,,FALSE,FALSE,FALSE,FALSE,FALSE,FALSE,FALSE,FALSE,FALSE,FALSE,FALSE,FALSE,None,None
en Text,ShotAttack_up1,,ShotAttack,ShotAttack: # on Self,,2,None,ShotAttack,%,10,Self,,#N/A,0,,,#N/A,0,,FALSE,FALSE,FALSE,FALSE,FALSE,FALSE,FALSE,FALSE,FALSE,FALSE,FALSE,FALSE,None,None
en Text,ShotAttack_down1,,ShotAttack,ShotAttack: # on Self,,-1,None,ShotAttack,%,-10,Self,,#N/A,0,,,#N/A,0,,FALSE,FALSE,FALSE,FALSE,FALSE,FALSE,FALSE,FALSE,FALSE,FALSE,FALSE,FALSE,None,None
en Text,ShotAttack_down2,,ShotAttack,ShotAttack: # on Self,,-3,None,ShotAttack,%,-20,Self,,#N/A,0,,,#N/A,0,,FALSE,FALSE,FALSE,FALSE,FALSE,FALSE,FALSE,FALSE,FALSE,FALSE,FALSE,FALSE,None,None
Burly Body,Deffence_up2,TRUE,Defense,Defense: # on Self,always,3,None,Defense,%,20,Self,,#N/A,0,,,#N/A,0,,FALSE,FALSE,FALSE,FALSE,FALSE,TRUE,TRUE,FALSE,FALSE,FALSE,FALSE,FALSE,None,None
Hard Skin,Deffence_up1,TRUE,Defense,Defense: # on Self,always,1,None,Defense,%,10,Self,,#N/A,0,,,#N/A,0,,FALSE,FALSE,FALSE,FALSE,FALSE,TRUE,TRUE,FALSE,FALSE,FALSE,FALSE,FALSE,None,None
Downtrodden,Deffence_down1,TRUE,Defense,Defense: # on Self,always,-1,None,Defense,%,-10,Self,,#N/A,0,,,#N/A,0,,FALSE,FALSE,FALSE,FALSE,FALSE,TRUE,TRUE,FALSE,FALSE,FALSE,FALSE,FALSE,None,None
Brittle,Deffence_down2,TRUE,Defense,Defense: # on Self,always,-3,None,Defense,%,-20,Self,,#N/A,0,,,#N/A,0,,FALSE,FALSE,FALSE,FALSE,FALSE,TRUE,TRUE,FALSE,FALSE,FALSE,FALSE,FALSE,None,None
en Text,Support_up2,,Defense,Defense: # on Self,,0,None,Defense,%,5,Self,,#N/A,0,,,#N/A,0,,FALSE,FALSE,FALSE,FALSE,FALSE,FALSE,FALSE,FALSE,FALSE,FALSE,FALSE,FALSE,None,None
en Text,Support_up1,,Support,Support: # on Self,,2,None,Support,#N/A,20,Self,,#N/A,0,,,#N/A,0,,FALSE,FALSE,FALSE,FALSE,FALSE,FALSE,FALSE,FALSE,FALSE,FALSE,FALSE,FALSE,None,None
en Text,Support_down1,,Support,Support: # on Self,,-1,None,Support,#N/A,-10,Self,,#N/A,0,,,#N/A,0,,FALSE,FALSE,FALSE,FALSE,FALSE,FALSE,FALSE,FALSE,FALSE,FALSE,FALSE,FALSE,None,None
en Text,Support_down2,,Support,Support: # on Self,,-3,None,Support,#N/A,-30,Self,,#N/A,0,,,#N/A,0,,FALSE,FALSE,FALSE,FALSE,FALSE,FALSE,FALSE,FALSE,FALSE,FALSE,FALSE,FALSE,None,None
Musclehead,Noukin,TRUE,ShotAttack. CraftSpeed,ShotAttack: # on Self. CraftSpeed: # on Self,always,2,None,ShotAttack,%,30,Self,CraftSpeed,%,-50,Self,,#N/A,0,,FALSE,FALSE,FALSE,FALSE,FALSE,TRUE,TRUE,FALSE,FALSE,FALSE,FALSE,FALSE,None,None
en Text,GiveAFire,,ElementFire,ElementFire: # on Trainer,active pal,1,None,ElementFire,bool,1,Trainer,,#N/A,0,,,#N/A,0,,TRUE,FALSE,FALSE,FALSE,FALSE,FALSE,FALSE,FALSE,FALSE,FALSE,FALSE,FALSE,None,None
#N/A,GiveAFire_Ride,,ElementFire,ElementFire: # on Trainer,mounted,1,None,ElementFire,bool,1,Trainer,,#N/A,0,,,#N/A,0,,FALSE,FALSE,TRUE,FALSE,FALSE,FALSE,FALSE,FALSE,FALSE,FALSE,FALSE,FALSE,None,None
en Text,GiveAWater,,ElementWater,ElementWater: # on Trainer,active pal,1,None,ElementWater,bool,1,Trainer,,#N/A,0,,,#N/A,0,,TRUE,FALSE,FALSE,FALSE,FALSE,FALSE,FALSE,FALSE,FALSE,FALSE,FALSE,FALSE,None,None
#N/A,GiveAWater_Ride,,ElementWater,ElementWater: # on Trainer,mounted,1,None,ElementWater,bool,1,Trainer,,#N/A,0,,,#N/A,0,,FALSE,FALSE,TRUE,FALSE,FALSE,FALSE,FALSE,FALSE,FALSE,FALSE,FALSE,FALSE,None,None
en Text,GiveALeaf,,ElementLeaf,ElementLeaf: # on Trainer,active pal,1,None,ElementLeaf,bool,1,Trainer,,#N/A,0,,,#N/A,0,,TRUE,FALSE,FALSE,FALSE,FALSE,FALSE,FALSE,FALSE,FALSE,FALSE,FALSE,FALSE,None,None
#N/A,GiveALeaf_Ride,,ElementLeaf,ElementLeaf: # on Trainer,mounted,1,None,ElementLeaf,bool,1,Trainer,,#N/A,0,,,#N/A,0,,FALSE,FALSE,TRUE,FALSE,FALSE,FALSE,FALSE,FALSE,FALSE,FALSE,FALSE,FALSE,None,None
en Text,GiveAElectricity,,ElementElectricity,ElementElectricity: # on Trainer,active pal,1,None,ElementElectricity,bool,1,Trainer,,#N/A,0,,,#N/A,0,,TRUE,FALSE,FALSE,FALSE,FALSE,FALSE,FALSE,FALSE,FALSE,FALSE,FALSE,FALSE,None,None
#N/A,GiveAElectricity_Ride,,ElementElectricity,ElementElectricity: # on Trainer,mounted,1,None,ElementElectricity,bool,1,Trainer,,#N/A,0,,,#N/A,0,,FALSE,FALSE,TRUE,FALSE,FALSE,FALSE,FALSE,FALSE,FALSE,FALSE,FALSE,FALSE,None,None
en Text,GiveAIce,,ElementIce,ElementIce: # on Trainer,active pal,1,None,ElementIce,bool,1,Trainer,,#N/A,0,,,#N/A,0,,TRUE,FALSE,FALSE,FALSE,FALSE,FALSE,FALSE,FALSE,FALSE,FALSE,FALSE,FALSE,None,None
#N/A,GiveAIce_Ride,,ElementIce,ElementIce: # on Trainer,mounted,1,None,ElementIce,bool,1,Trainer,,#N/A,0,,,#N/A,0,,FALSE,FALSE,TRUE,FALSE,FALSE,FALSE,FALSE,FALSE,FALSE,FALSE,FALSE,FALSE,None,None
en Text,GiveAEarth,,ElementEarth,ElementEarth: # on Trainer,active pal,1,None,ElementEarth,bool,1,Trainer,,#N/A,0,,,#N/A,0,,TRUE,FALSE,FALSE,FALSE,FALSE,FALSE,FALSE,FALSE,FALSE,FALSE,FALSE,FALSE,None,None
#N/A,GiveAEarth_Ride,,ElementEarth,ElementEarth: # on Trainer,mounted,1,None,ElementEarth,bool,1,Trainer,,#N/A,0,,,#N/A,0,,FALSE,FALSE,TRUE,FALSE,FALSE,FALSE,FALSE,FALSE,FALSE,FALSE,FALSE,FALSE,None,None
en Text,GiveADark,,ElementDark,ElementDark: # on Trainer,active pal,1,None,ElementDark,bool,1,Trainer,,#N/A,0,,,#N/A,0,,TRUE,FALSE,FALSE,FALSE,FALSE,FALSE,FALSE,FALSE,FALSE,FALSE,FALSE,FALSE,None,None
#N/A,GiveADark_Ride,,ElementDark,ElementDark: # on Trainer,mounted,1,None,ElementDark,bool,1,Trainer,,#N/A,0,,,#N/A,0,,FALSE,FALSE,TRUE,FALSE,FALSE,FALSE,FALSE,FALSE,FALSE,FALSE,FALSE,FALSE,None,None
en Text,GiveADragon,,ElementDragon,ElementDragon: # on Trainer,active pal,1,None,ElementDragon,bool,1,Trainer,,#N/A,0,,,#N/A,0,,TRUE,FALSE,FALSE,FALSE,FALSE,FALSE,FALSE,FALSE,FALSE,FALSE,FALSE,FALSE,None,None
#N/A,GiveADragon_Ride,,ElementDragon,ElementDragon: # on Trainer,mounted,1,None,ElementDragon,bool,1,Trainer,,#N/A,0,,,#N/A,0,,FALSE,FALSE,TRUE,FALSE,FALSE,FALSE,FALSE,FALSE,FALSE,FALSE,FALSE,FALSE,None,None
en Text,CollectItem,,CollectItem,CollectItem: # on Self,,1,None,CollectItem,#N/A,0,Self,,#N/A,0,,,#N/A,0,,FALSE,FALSE,FALSE,FALSE,FALSE,FALSE,FALSE,FALSE,FALSE,FALSE,FALSE,FALSE,None,None
Egg Layer,CollectItem_Egg,,CollectItem,CollectItem: # on Self,,1,None,CollectItem,#N/A,0,Self,,#N/A,0,,,#N/A,0,,FALSE,FALSE,FALSE,FALSE,FALSE,FALSE,FALSE,FALSE,FALSE,FALSE,FALSE,FALSE,None,None
Milk Maker,CollectItem_Milk,,CollectItem,CollectItem: # on Self,,1,None,CollectItem,#N/A,0,Self,,#N/A,0,,,#N/A,0,,FALSE,FALSE,FALSE,FALSE,FALSE,FALSE,FALSE,FALSE,FALSE,FALSE,FALSE,FALSE,None,None
Berry Picker,CollectItem_Berries,,CollectItem,CollectItem: # on Self,,1,None,CollectItem,#N/A,0,Self,,#N/A,0,,,#N/A,0,,FALSE,FALSE,FALSE,FALSE,FALSE,FALSE,FALSE,FALSE,FALSE,FALSE,FALSE,FALSE,None,None
Confectioner,CollectItem_Sweets,,CollectItem,CollectItem: # on Self,,1,None,CollectItem,#N/A,0,Self,,#N/A,0,,,#N/A,0,,FALSE,FALSE,FALSE,FALSE,FALSE,FALSE,FALSE,FALSE,FALSE,FALSE,FALSE,FALSE,None,None
Gold Digger,CollectItem_Money,,CollectItem,CollectItem: # on Self,,1,None,CollectItem,#N/A,0,Self,,#N/A,0,,,#N/A,0,,FALSE,FALSE,FALSE,FALSE,FALSE,FALSE,FALSE,FALSE,FALSE,FALSE,FALSE,FALSE,None,None
en Text,CollectItem_CuteFox,,CollectItem,CollectItem: # on Self,,1,None,CollectItem,#N/A,0,Self,,#N/A,0,,,#N/A,0,,FALSE,FALSE,FALSE,FALSE,FALSE,FALSE,FALSE,FALSE,FALSE,FALSE,FALSE,FALSE,None,None
Wool Maker,CollectItem_Wool_Alpaca,,CollectItem,CollectItem: # on Self,,1,None,CollectItem,#N/A,0,Self,,#N/A,0,,,#N/A,0,,FALSE,FALSE,FALSE,FALSE,FALSE,FALSE,FALSE,FALSE,FALSE,FALSE,FALSE,FALSE,None,None
Wool Maker,CollectItem_Wool_SheepBall,,CollectItem,CollectItem: # on Self,,1,None,CollectItem,#N/A,0,Self,,#N/A,0,,,#N/A,0,,FALSE,FALSE,FALSE,FALSE,FALSE,FALSE,FALSE,FALSE,FALSE,FALSE,FALSE,FALSE,None,None
Silk Spinner,CollectItem_Wool_WhiteMoth,,CollectItem,CollectItem: # on Self,,1,None,CollectItem,#N/A,0,Self,,#N/A,0,,,#N/A,0,,FALSE,FALSE,FALSE,FALSE,FALSE,FALSE,FALSE,FALSE,FALSE,FALSE,FALSE,FALSE,None,None
en Text,Logging_up1,,Logging,Logging: # on Self,active pal,1,None,Logging,+,100,Self,,#N/A,0,,,#N/A,0,,TRUE,FALSE,FALSE,FALSE,FALSE,FALSE,FALSE,FALSE,FALSE,FALSE,FALSE,FALSE,None,None
en Text,Logging_up2,,Logging,Logging: # on Self,active pal,2,None,Logging,+,130,Self,,#N/A,0,,,#N/A,0,,TRUE,FALSE,FALSE,FALSE,FALSE,FALSE,FALSE,FALSE,FALSE,FALSE,FALSE,FALSE,None,None
en Text,Logging_up3,,Logging,Logging: # on Self,active pal,3,None,Logging,+,160,Self,,#N/A,0,,,#N/A,0,,TRUE,FALSE,FALSE,FALSE,FALSE,FALSE,FALSE,FALSE,FALSE,FALSE,FALSE,FALSE,None,None
en Text,Logging_up4,,Logging,Logging: # on Self,active pal,4,None,Logging,+,200,Self,,#N/A,0,,,#N/A,0,,TRUE,FALSE,FALSE,FALSE,FALSE,FALSE,FALSE,FALSE,FALSE,FALSE,FALSE,FALSE,None,None
en Text,Logging_up5,,Logging,Logging: # on Self,active pal,5,None,Logging,+,250,Self,,#N/A,0,,,#N/A,0,,TRUE,FALSE,FALSE,FALSE,FALSE,FALSE,FALSE,FALSE,FALSE,FALSE,FALSE,FALSE,None,None
en Text,Logging_up1_Otomo_only,,Logging,Logging: # on Self,,1,None,Logging,+,200,Self,,#N/A,0,,,#N/A,0,,FALSE,FALSE,FALSE,FALSE,FALSE,FALSE,FALSE,FALSE,FALSE,FALSE,FALSE,FALSE,None,None
en Text,Logging_up2_Otomo_only,,Logging,Logging: # on Self,mounted,2,None,Logging,+,220,Self,,#N/A,0,,,#N/A,0,,FALSE,FALSE,TRUE,FALSE,FALSE,FALSE,FALSE,FALSE,FALSE,FALSE,FALSE,FALSE,None,None
#N/A,Logging_up3_Otomo_only,,Logging,Logging: # on Self,mounted,2,None,Logging,+,260,Self,,#N/A,0,,,#N/A,0,,FALSE,FALSE,TRUE,FALSE,FALSE,FALSE,FALSE,FALSE,FALSE,FALSE,FALSE,FALSE,None,None
#N/A,Logging_up4_Otomo_only,,Logging,Logging: # on Self,mounted,2,None,Logging,+,320,Self,,#N/A,0,,,#N/A,0,,FALSE,FALSE,TRUE,FALSE,FALSE,FALSE,FALSE,FALSE,FALSE,FALSE,FALSE,FALSE,None,None
#N/A,Logging_up5_Otomo_only,,Logging,Logging: # on Self,mounted,2,None,Logging,+,400,Self,,#N/A,0,,,#N/A,0,,FALSE,FALSE,TRUE,FALSE,FALSE,FALSE,FALSE,FALSE,FALSE,FALSE,FALSE,FALSE,None,None
#N/A,Logging_up6_Otomo_only,,Logging,Logging: # on Self,mounted,2,None,Logging,+,500,Self,,#N/A,0,,,#N/A,0,,FALSE,FALSE,TRUE,FALSE,FALSE,FALSE,FALSE,FALSE,FALSE,FALSE,FALSE,FALSE,None,None
en Text,Mining_up1,,Mining,Mining: # on Self,active pal,1,None,Mining,+,100,Self,,#N/A,0,,,#N/A,0,,TRUE,FALSE,FALSE,FALSE,FALSE,FALSE,FALSE,FALSE,FALSE,FALSE,FALSE,FALSE,None,None
en Text,Mining_up2,,Mining,Mining: # on Self,active pal,2,None,Mining,+,130,Self,,#N/A,0,,,#N/A,0,,TRUE,FALSE,FALSE,FALSE,FALSE,FALSE,FALSE,FALSE,FALSE,FALSE,FALSE,FALSE,None,None
en Text,Mining_up3,,Mining,Mining: # on Self,active pal,3,None,Mining,+,160,Self,,#N/A,0,,,#N/A,0,,TRUE,FALSE,FALSE,FALSE,FALSE,FALSE,FALSE,FALSE,FALSE,FALSE,FALSE,FALSE,None,None
en Text,Mining_up4,,Mining,Mining: # on Self,active pal,4,None,Mining,+,200,Self,,#N/A,0,,,#N/A,0,,TRUE,FALSE,FALSE,FALSE,FALSE,FALSE,FALSE,FALSE,FALSE,FALSE,FALSE,FALSE,None,None
en Text,Mining_up5,,Mining,Mining: # on Self,active pal,5,None,Mining,+,250,Self,,#N/A,0,,,#N/A,0,,TRUE,FALSE,FALSE,FALSE,FALSE,FALSE,FALSE,FALSE,FALSE,FALSE,FALSE,FALSE,None,None
#N/A,Mining_up6,,Mining,Mining: # on Self,active pal,5,None,Mining,+,300,Self,,#N/A,0,,,#N/A,0,,TRUE,FALSE,FALSE,FALSE,FALSE,FALSE,FALSE,FALSE,FALSE,FALSE,FALSE,FALSE,None,None
#N/A,Mining_up7,,Mining,Mining: # on Self,active pal,5,None,Mining,+,350,Self,,#N/A,0,,,#N/A,0,,TRUE,FALSE,FALSE,FALSE,FALSE,FALSE,FALSE,FALSE,FALSE,FALSE,FALSE,FALSE,None,None
#N/A,Mining_up8,,Mining,Mining: # on Self,active pal,5,None,Mining,+,400,Self,,#N/A,0,,,#N/A,0,,TRUE,FALSE,FALSE,FALSE,FALSE,FALSE,FALSE,FALSE,FALSE,FALSE,FALSE,FALSE,None,None
#N/A,Mining_up9,,Mining,Mining: # on Self,active pal,5,None,Mining,+,450,Self,,#N/A,0,,,#N/A,0,,TRUE,FALSE,FALSE,FALSE,FALSE,FALSE,FALSE,FALSE,FALSE,FALSE,FALSE,FALSE,None,None
#N/A,Mining_up10,,Mining,Mining: # on Self,active pal,5,None,Mining,+,500,Self,,#N/A,0,,,#N/A,0,,TRUE,FALSE,FALSE,FALSE,FALSE,FALSE,FALSE,FALSE,FALSE,FALSE,FALSE,FALSE,None,None
en Text,Mining_up1_Otomo_only,,Mining,Mining: # on Self,mounted,1,None,Mining,+,300,Self,,#N/A,0,,,#N/A,0,,FALSE,FALSE,TRUE,FALSE,FALSE,FALSE,FALSE,FALSE,FALSE,FALSE,FALSE,FALSE,None,None
en Text,Mining_up2_Otomo_only,,Mining,Mining: # on Self,mounted,2,None,Mining,+,500,Self,,#N/A,0,,,#N/A,0,,FALSE,FALSE,TRUE,FALSE,FALSE,FALSE,FALSE,FALSE,FALSE,FALSE,FALSE,FALSE,None,None
#N/A,Mining_up3_Otomo_only,,Mining,Mining: # on Self,mounted,2,None,Mining,+,750,Self,,#N/A,0,,,#N/A,0,,FALSE,FALSE,TRUE,FALSE,FALSE,FALSE,FALSE,FALSE,FALSE,FALSE,FALSE,FALSE,None,None
#N/A,Mining_up4_Otomo_only,,Mining,Mining: # on Self,mounted,2,None,Mining,+,1100,Self,,#N/A,0,,,#N/A,0,,FALSE,FALSE,TRUE,FALSE,FALSE,FALSE,FALSE,FALSE,FALSE,FALSE,FALSE,FALSE,None,None
#N/A,Mining_up5_Otomo_only,,Mining,Mining: # on Self,mounted,2,None,Mining,+,1500,Self,,#N/A,0,,,#N/A,0,,FALSE,FALSE,TRUE,FALSE,FALSE,FALSE,FALSE,FALSE,FALSE,FALSE,FALSE,FALSE,None,None
#N/A,Mining_up6_Otomo_only,,Mining,Mining: # on Self,mounted,2,None,Mining,+,2000,Self,,#N/A,0,,,#N/A,0,,FALSE,FALSE,TRUE,FALSE,FALSE,FALSE,FALSE,FALSE,FALSE,FALSE,FALSE,FALSE,None,None
#N/A,Mining_up7_Otomo_only,,Mining,Mining: # on Self,mounted,2,None,Mining,+,2600,Self,,#N/A,0,,,#N/A,0,,FALSE,FALSE,TRUE,FALSE,FALSE,FALSE,FALSE,FALSE,FALSE,FALSE,FALSE,FALSE,None,None
#N/A,Mining_up8_Otomo_only,,Mining,Mining: # on Self,mounted,2,None,Mining,+,3300,Self,,#N/A,0,,,#N/A,0,,FALSE,FALSE,TRUE,FALSE,FALSE,FALSE,FALSE,FALSE,FALSE,FALSE,FALSE,FALSE,None,None
#N/A,Mining_up_PartnerSkill_DrillGame,,Mining,Mining: # on Self,active pal,1,None,Mining,+,2500,Self,,#N/A,0,,,#N/A,0,,TRUE,FALSE,FALSE,FALSE,FALSE,FALSE,FALSE,FALSE,FALSE,FALSE,FALSE,FALSE,None,None
en Text,StealExpert_1,,GainItemDrop,GainItemDrop: # on SelfAndTrainer,active pal,1,None,GainItemDrop,#N/A,100,SelfAndTrainer,,#N/A,0,,,#N/A,0,,TRUE,FALSE,FALSE,FALSE,FALSE,FALSE,FALSE,FALSE,FALSE,FALSE,FALSE,FALSE,None,None
en Text,StealExpert_2,,GainItemDrop,GainItemDrop: # on SelfAndTrainer,active pal,2,None,GainItemDrop,#N/A,150,SelfAndTrainer,,#N/A,0,,,#N/A,0,,TRUE,FALSE,FALSE,FALSE,FALSE,FALSE,FALSE,FALSE,FALSE,FALSE,FALSE,FALSE,None,None
en Text,StealExpert_3,,GainItemDrop,GainItemDrop: # on SelfAndTrainer,active pal,3,None,GainItemDrop,#N/A,200,SelfAndTrainer,,#N/A,0,,,#N/A,0,,TRUE,FALSE,FALSE,FALSE,FALSE,FALSE,FALSE,FALSE,FALSE,FALSE,FALSE,FALSE,None,None
en Text,StealExpert_4,,GainItemDrop,GainItemDrop: # on SelfAndTrainer,active pal,4,None,GainItemDrop,#N/A,250,SelfAndTrainer,,#N/A,0,,,#N/A,0,,TRUE,FALSE,FALSE,FALSE,FALSE,FALSE,FALSE,FALSE,FALSE,FALSE,FALSE,FALSE,None,None
en Text,Mute_1,,Mute,Mute: # on SelfAndTrainer,,1,None,Mute,#N/A,-50,SelfAndTrainer,,#N/A,0,,,#N/A,0,,FALSE,FALSE,FALSE,FALSE,FALSE,FALSE,FALSE,FALSE,FALSE,FALSE,FALSE,FALSE,None,None
en Text,Mute_2,,Mute,Mute: # on SelfAndTrainer,,2,None,Mute,#N/A,-60,SelfAndTrainer,,#N/A,0,,,#N/A,0,,FALSE,FALSE,FALSE,FALSE,FALSE,FALSE,FALSE,FALSE,FALSE,FALSE,FALSE,FALSE,None,None
en Text,Mute_3,,Mute,Mute: # on SelfAndTrainer,,3,None,Mute,#N/A,-70,SelfAndTrainer,,#N/A,0,,,#N/A,0,,FALSE,FALSE,FALSE,FALSE,FALSE,FALSE,FALSE,FALSE,FALSE,FALSE,FALSE,FALSE,None,None
en Text,Mute_4,,Mute,Mute: # on SelfAndTrainer,,4,None,Mute,#N/A,-80,SelfAndTrainer,,#N/A,0,,,#N/A,0,,FALSE,FALSE,FALSE,FALSE,FALSE,FALSE,FALSE,FALSE,FALSE,FALSE,FALSE,FALSE,None,None
en Text,Mute_5,,Mute,Mute: # on SelfAndTrainer,,5,None,Mute,#N/A,-90,SelfAndTrainer,,#N/A,0,,,#N/A,0,,FALSE,FALSE,FALSE,FALSE,FALSE,FALSE,FALSE,FALSE,FALSE,FALSE,FALSE,FALSE,None,None
#N/A,LifeSteal_1,,LifeSteal,LifeSteal: # on SelfAndTrainer,active pal,1,None,LifeSteal,%,2,SelfAndTrainer,,#N/A,0,,,#N/A,0,,TRUE,FALSE,FALSE,FALSE,FALSE,FALSE,FALSE,FALSE,FALSE,FALSE,FALSE,FALSE,None,None
#N/A,LifeSteal_2,,LifeSteal,LifeSteal: # on SelfAndTrainer,active pal,2,None,LifeSteal,%,3,SelfAndTrainer,,#N/A,0,,,#N/A,0,,TRUE,FALSE,FALSE,FALSE,FALSE,FALSE,FALSE,FALSE,FALSE,FALSE,FALSE,FALSE,None,None
#N/A,LifeSteal_3,,LifeSteal,LifeSteal: # on SelfAndTrainer,active pal,3,None,LifeSteal,%,4,SelfAndTrainer,,#N/A,0,,,#N/A,0,,TRUE,FALSE,FALSE,FALSE,FALSE,FALSE,FALSE,FALSE,FALSE,FALSE,FALSE,FALSE,None,None
#N/A,LifeSteal_4,,LifeSteal,LifeSteal: # on SelfAndTrainer,active pal,4,None,LifeSteal,%,5,SelfAndTrainer,,#N/A,0,,,#N/A,0,,TRUE,FALSE,FALSE,FALSE,FALSE,FALSE,FALSE,FALSE,FALSE,FALSE,FALSE,FALSE,None,None
#N/A,LifeSteal_5,,LifeSteal,LifeSteal: # on SelfAndTrainer,active pal,5,None,LifeSteal,%,6,SelfAndTrainer,,#N/A,0,,,#N/A,0,,TRUE,FALSE,FALSE,FALSE,FALSE,FALSE,FALSE,FALSE,FALSE,FALSE,FALSE,FALSE,None,None
en Text,CraftSpeed*3,,CraftSpeed,CraftSpeed: # on Self,,9,None,CraftSpeed,%,200,Self,,#N/A,0,,,#N/A,0,,FALSE,FALSE,FALSE,FALSE,FALSE,FALSE,FALSE,FALSE,FALSE,FALSE,FALSE,FALSE,None,None
en Text,CraftSpeed*5,,CraftSpeed,CraftSpeed: # on Self,,9,None,CraftSpeed,%,400,Self,,#N/A,0,,,#N/A,0,,FALSE,FALSE,FALSE,FALSE,FALSE,FALSE,FALSE,FALSE,FALSE,FALSE,FALSE,FALSE,None,None
Heat Resistant Lv. 1,TemperatureResist_Heat1,,TemperatureResist_Heat,TemperatureResist_Heat: # on Self,,1,None,TemperatureResist_Heat,+,1,Self,,#N/A,0,,,#N/A,0,,FALSE,FALSE,FALSE,FALSE,FALSE,FALSE,FALSE,FALSE,FALSE,FALSE,FALSE,FALSE,None,None
Heat Resistant Lv. 2,TemperatureResist_Heat2,,TemperatureResist_Heat,TemperatureResist_Heat: # on Self,,2,None,TemperatureResist_Heat,+,2,Self,,#N/A,0,,,#N/A,0,,FALSE,FALSE,FALSE,FALSE,FALSE,FALSE,FALSE,FALSE,FALSE,FALSE,FALSE,FALSE,None,None
Heat Resistant Lv. 3,TemperatureResist_Heat3,,TemperatureResist_Heat,TemperatureResist_Heat: # on Self,,3,None,TemperatureResist_Heat,+,3,Self,,#N/A,0,,,#N/A,0,,FALSE,FALSE,FALSE,FALSE,FALSE,FALSE,FALSE,FALSE,FALSE,FALSE,FALSE,FALSE,None,None
Cold Resistant Lv. 1,TemperatureResist_Cold1,,TemperatureResist_Cold,TemperatureResist_Cold: # on Self,,1,None,TemperatureResist_Cold,+,1,Self,,#N/A,0,,,#N/A,0,,FALSE,FALSE,FALSE,FALSE,FALSE,FALSE,FALSE,FALSE,FALSE,FALSE,FALSE,FALSE,None,None
Cold Resistant Lv. 2,TemperatureResist_Cold2,,TemperatureResist_Cold,TemperatureResist_Cold: # on Self,,2,None,TemperatureResist_Cold,+,2,Self,,#N/A,0,,,#N/A,0,,FALSE,FALSE,FALSE,FALSE,FALSE,FALSE,FALSE,FALSE,FALSE,FALSE,FALSE,FALSE,None,None
Cold Resistant Lv. 3,TemperatureResist_Cold3,,TemperatureResist_Cold,TemperatureResist_Cold: # on Self,,3,None,TemperatureResist_Cold,+,3,Self,,#N/A,0,,,#N/A,0,,FALSE,FALSE,FALSE,FALSE,FALSE,FALSE,FALSE,FALSE,FALSE,FALSE,FALSE,FALSE,None,None
Lucky,Rare,TRUE,CraftSpeed. ShotAttack,CraftSpeed: # on Self. ShotAttack: # on Self,always,3,None,CraftSpeed,%,15,Self,ShotAttack,%,15,Self,,#N/A,0,,FALSE,FALSE,FALSE,FALSE,FALSE,TRUE,FALSE,TRUE,FALSE,FALSE,FALSE,FALSE,None,None
Legend,Legend,TRUE,ShotAttack. Defense. MoveSpeed,ShotAttack: # on Self. Defense: # on Self. MoveSpeed: # on Self,always,3,PASSIVE_Legend_DESC,ShotAttack,%,20,Self,Defense,%,20,Self,MoveSpeed,%,15,Self,FALSE,FALSE,FALSE,FALSE,FALSE,TRUE,FALSE,FALSE,FALSE,FALSE,FALSE,FALSE,None,None
Max Carrying Capacity Lv. 1,MaxInventoryWeight_up,,MaxInventoryWeight,MaxInventoryWeight: # on Trainer,always,3,None,MaxInventoryWeight,+,50,Trainer,,#N/A,0,,,#N/A,0,,FALSE,FALSE,FALSE,FALSE,FALSE,TRUE,FALSE,FALSE,FALSE,FALSE,FALSE,FALSE,None,None
Max Carrying Capacity Lv. 2,MaxInventoryWeight_up2,,MaxInventoryWeight,MaxInventoryWeight: # on Trainer,always,-1,None,MaxInventoryWeight,+,150,Trainer,,#N/A,0,,,#N/A,0,,FALSE,FALSE,FALSE,FALSE,FALSE,TRUE,FALSE,FALSE,FALSE,FALSE,FALSE,FALSE,None,None
Max Carrying Capacity Lv. 3,MaxInventoryWeight_up3,,MaxInventoryWeight,MaxInventoryWeight: # on Trainer,always,-1,None,MaxInventoryWeight,+,200,Trainer,,#N/A,0,,,#N/A,0,,FALSE,FALSE,FALSE,FALSE,FALSE,TRUE,FALSE,FALSE,FALSE,FALSE,FALSE,FALSE,None,None
#N/A,MaxInventoryWeight_up_Partnerskill_1,,MaxInventoryWeight,MaxInventoryWeight: # on Trainer,always,-1,None,MaxInventoryWeight,+,50,Trainer,,#N/A,0,,,#N/A,0,,FALSE,FALSE,FALSE,FALSE,FALSE,TRUE,FALSE,FALSE,FALSE,FALSE,FALSE,FALSE,None,None
#N/A,MaxInventoryWeight_up_Partnerskill_2,,MaxInventoryWeight,MaxInventoryWeight: # on Trainer,always,-1,None,MaxInventoryWeight,+,60,Trainer,,#N/A,0,,,#N/A,0,,FALSE,FALSE,FALSE,FALSE,FALSE,TRUE,FALSE,FALSE,FALSE,FALSE,FALSE,FALSE,None,None
#N/A,MaxInventoryWeight_up_Partnerskill_3,,MaxInventoryWeight,MaxInventoryWeight: # on Trainer,always,-1,None,MaxInventoryWeight,+,70,Trainer,,#N/A,0,,,#N/A,0,,FALSE,FALSE,FALSE,FALSE,FALSE,TRUE,FALSE,FALSE,FALSE,FALSE,FALSE,FALSE,None,None
#N/A,MaxInventoryWeight_up_Partnerskill_4,,MaxInventoryWeight,MaxInventoryWeight: # on Trainer,always,-1,None,MaxInventoryWeight,+,80,Trainer,,#N/A,0,,,#N/A,0,,FALSE,FALSE,FALSE,FALSE,FALSE,TRUE,FALSE,FALSE,FALSE,FALSE,FALSE,FALSE,None,None
#N/A,MaxInventoryWeight_up_Partnerskill_5,,MaxInventoryWeight,MaxInventoryWeight: # on Trainer,always,-1,None,MaxInventoryWeight,+,90,Trainer,,#N/A,0,,,#N/A,0,,FALSE,FALSE,FALSE,FALSE,FALSE,TRUE,FALSE,FALSE,FALSE,FALSE,FALSE,FALSE,None,None
#N/A,MaxInventoryWeight_up_Partnerskill_6,,MaxInventoryWeight,MaxInventoryWeight: # on Trainer,always,-1,None,MaxInventoryWeight,+,100,Trainer,,#N/A,0,,,#N/A,0,,FALSE,FALSE,FALSE,FALSE,FALSE,TRUE,FALSE,FALSE,FALSE,FALSE,FALSE,FALSE,None,None
#N/A,MaxInventoryWeight_up_Partnerskill_7,,MaxInventoryWeight,MaxInventoryWeight: # on Trainer,always,-1,None,MaxInventoryWeight,+,110,Trainer,,#N/A,0,,,#N/A,0,,FALSE,FALSE,FALSE,FALSE,FALSE,TRUE,FALSE,FALSE,FALSE,FALSE,FALSE,FALSE,None,None
#N/A,MaxInventoryWeight_up_Partnerskill_8,,MaxInventoryWeight,MaxInventoryWeight: # on Trainer,always,-1,None,MaxInventoryWeight,+,120,Trainer,,#N/A,0,,,#N/A,0,,FALSE,FALSE,FALSE,FALSE,FALSE,TRUE,FALSE,FALSE,FALSE,FALSE,FALSE,FALSE,None,None
#N/A,MaxInventoryWeight_up_Partnerskill_9,,MaxInventoryWeight,MaxInventoryWeight: # on Trainer,always,-1,None,MaxInventoryWeight,+,130,Trainer,,#N/A,0,,,#N/A,0,,FALSE,FALSE,FALSE,FALSE,FALSE,TRUE,FALSE,FALSE,FALSE,FALSE,FALSE,FALSE,None,None
#N/A,MaxInventoryWeight_up_Partnerskill_10,,MaxInventoryWeight,MaxInventoryWeight: # on Trainer,always,-1,None,MaxInventoryWeight,+,140,Trainer,,#N/A,0,,,#N/A,0,,FALSE,FALSE,FALSE,FALSE,FALSE,TRUE,FALSE,FALSE,FALSE,FALSE,FALSE,FALSE,None,None
#N/A,MaxInventoryWeight_up_Partnerskill_11,,MaxInventoryWeight,MaxInventoryWeight: # on Trainer,always,-1,None,MaxInventoryWeight,+,150,Trainer,,#N/A,0,,,#N/A,0,,FALSE,FALSE,FALSE,FALSE,FALSE,TRUE,FALSE,FALSE,FALSE,FALSE,FALSE,FALSE,None,None
#N/A,MaxInventoryWeight_up_Partnerskill_12,,MaxInventoryWeight,MaxInventoryWeight: # on Trainer,always,-1,None,MaxInventoryWeight,+,160,Trainer,,#N/A,0,,,#N/A,0,,FALSE,FALSE,FALSE,FALSE,FALSE,TRUE,FALSE,FALSE,FALSE,FALSE,FALSE,FALSE,None,None
Ferocious,PAL_ALLAttack_up2,TRUE,ShotAttack,ShotAttack: # on Self,always,3,None,ShotAttack,%,20,Self,,#N/A,0,,,#N/A,0,,FALSE,FALSE,FALSE,FALSE,FALSE,TRUE,TRUE,FALSE,FALSE,FALSE,FALSE,FALSE,None,None
Brave,PAL_ALLAttack_up1,TRUE,ShotAttack,ShotAttack: # on Self,always,1,None,ShotAttack,%,10,Self,,#N/A,0,,,#N/A,0,,FALSE,FALSE,FALSE,FALSE,FALSE,TRUE,TRUE,FALSE,FALSE,FALSE,FALSE,FALSE,None,None
Coward,PAL_ALLAttack_down1,TRUE,ShotAttack,ShotAttack: # on Self,always,-1,None,ShotAttack,%,-10,Self,,#N/A,0,,,#N/A,0,,FALSE,FALSE,FALSE,FALSE,FALSE,TRUE,TRUE,FALSE,FALSE,FALSE,FALSE,FALSE,None,None
Pacifist,PAL_ALLAttack_down2,TRUE,ShotAttack,ShotAttack: # on Self,always,-3,None,ShotAttack,%,-20,Self,,#N/A,0,,,#N/A,0,,FALSE,FALSE,FALSE,FALSE,FALSE,TRUE,TRUE,FALSE,FALSE,FALSE,FALSE,FALSE,None,None
Hooligan,PAL_rude,TRUE,ShotAttack. CraftSpeed,ShotAttack: # on Self. CraftSpeed: # on Self,always,1,None,ShotAttack,%,15,Self,CraftSpeed,%,-10,Self,,#N/A,0,,FALSE,FALSE,FALSE,FALSE,FALSE,TRUE,TRUE,FALSE,FALSE,FALSE,FALSE,FALSE,None,None
Conceited,PAL_conceited,TRUE,CraftSpeed. Defense,CraftSpeed: # on Self. Defense: # on Self,always,1,None,CraftSpeed,%,10,Self,Defense,%,-10,Self,,#N/A,0,,FALSE,FALSE,FALSE,FALSE,FALSE,TRUE,TRUE,FALSE,FALSE,FALSE,FALSE,FALSE,None,None
Mentally unstable,PAL_SpiritualInst,TRUE,CraftSpeed. Defense,CraftSpeed: # on Self. Defense: # on Self,always,-1,None,CraftSpeed,%,-10,Self,Defense,%,-10,Self,,#N/A,0,,FALSE,FALSE,FALSE,FALSE,FALSE,TRUE,FALSE,FALSE,FALSE,FALSE,FALSE,FALSE,None,None
Sadist,PAL_sadist,TRUE,ShotAttack. Defense,ShotAttack: # on Self. Defense: # on Self,always,1,None,ShotAttack,%,15,Self,Defense,%,-15,Self,,#N/A,0,,FALSE,FALSE,FALSE,FALSE,FALSE,TRUE,TRUE,FALSE,FALSE,FALSE,FALSE,FALSE,None,None
Masochist,PAL_masochist,TRUE,Defense. ShotAttack,Defense: # on Self. ShotAttack: # on Self,always,1,None,Defense,%,15,Self,ShotAttack,%,-15,Self,,#N/A,0,,FALSE,FALSE,FALSE,FALSE,FALSE,TRUE,TRUE,FALSE,FALSE,FALSE,FALSE,FALSE,None,None
Work Slave,PAL_CorporateSlave,TRUE,CraftSpeed. ShotAttack,CraftSpeed: # on Self. ShotAttack: # on Self,always,1,None,CraftSpeed,%,30,Self,ShotAttack,%,-30,Self,,#N/A,0,,FALSE,FALSE,FALSE,FALSE,FALSE,TRUE,TRUE,FALSE,FALSE,FALSE,FALSE,FALSE,None,None
Aggressive,PAL_oraora,TRUE,ShotAttack. Defense,ShotAttack: # on Self. Defense: # on Self,always,1,None,ShotAttack,%,10,Self,Defense,%,-10,Self,,#N/A,0,,FALSE,FALSE,FALSE,FALSE,FALSE,TRUE,TRUE,FALSE,FALSE,FALSE,FALSE,FALSE,None,None
en Text,PAL_ElementPassive_Test,,ShotAttack,ShotAttack: # on Self,in party (buff),1,None,ShotAttack,%,10,Self,,#N/A,0,,,#N/A,0,,FALSE,FALSE,FALSE,FALSE,TRUE,FALSE,FALSE,FALSE,FALSE,FALSE,FALSE,FALSE,None,None
#N/A,PAL_ElementPassive_1,,ShotAttack,ShotAttack: # on Self,in party (buff),1,None,ShotAttack,%,11,Self,,#N/A,0,,,#N/A,0,,FALSE,FALSE,FALSE,FALSE,TRUE,FALSE,FALSE,FALSE,FALSE,FALSE,FALSE,FALSE,None,None
#N/A,PAL_ElementPassive_2,,ShotAttack,ShotAttack: # on Self,in party (buff),1,None,ShotAttack,%,13,Self,,#N/A,0,,,#N/A,0,,FALSE,FALSE,FALSE,FALSE,TRUE,FALSE,FALSE,FALSE,FALSE,FALSE,FALSE,FALSE,None,None
#N/A,PAL_ElementPassive_3,,ShotAttack,ShotAttack: # on Self,in party (buff),1,None,ShotAttack,%,16,Self,,#N/A,0,,,#N/A,0,,FALSE,FALSE,FALSE,FALSE,TRUE,FALSE,FALSE,FALSE,FALSE,FALSE,FALSE,FALSE,None,None
#N/A,PAL_ElementPassive_4,,ShotAttack,ShotAttack: # on Self,in party (buff),1,None,ShotAttack,%,20,Self,,#N/A,0,,,#N/A,0,,FALSE,FALSE,FALSE,FALSE,TRUE,FALSE,FALSE,FALSE,FALSE,FALSE,FALSE,FALSE,None,None
Neutral Damage Reduction Lv. 1,ElementResist_Normal_1,,ElementResist_Normal,ElementResist_Normal: # on Self,always,1,None,ElementResist_Normal,%,15,Self,,#N/A,0,,,#N/A,0,,FALSE,FALSE,FALSE,FALSE,FALSE,TRUE,FALSE,FALSE,FALSE,FALSE,FALSE,FALSE,None,None
Fire Damage Reduction Lv. 1,ElementResist_Fire_1,,ElementResist_Fire,ElementResist_Fire: # on Self,always,1,None,ElementResist_Fire,%,15,Self,,#N/A,0,,,#N/A,0,,FALSE,FALSE,FALSE,FALSE,FALSE,TRUE,FALSE,FALSE,FALSE,FALSE,FALSE,FALSE,None,None
Water Damage Reduction Lv. 1,ElementResist_Aqua_1,,ElementResist_Water,ElementResist_Water: # on Self,always,1,None,ElementResist_Water,%,15,Self,,#N/A,0,,,#N/A,0,,FALSE,FALSE,FALSE,FALSE,FALSE,TRUE,FALSE,FALSE,FALSE,FALSE,FALSE,FALSE,None,None
Electric Damage Reduction Lv. 1,ElementResist_Thunder_1,,ElementResist_Electricity,ElementResist_Electricity: # on Self,always,1,None,ElementResist_Electricity,%,15,Self,,#N/A,0,,,#N/A,0,,FALSE,FALSE,FALSE,FALSE,FALSE,TRUE,FALSE,FALSE,FALSE,FALSE,FALSE,FALSE,None,None
Grass Damage Reduction Lv. 1,ElementResist_Leaf_1,,ElementResist_Leaf,ElementResist_Leaf: # on Self,always,1,None,ElementResist_Leaf,%,15,Self,,#N/A,0,,,#N/A,0,,FALSE,FALSE,FALSE,FALSE,FALSE,TRUE,FALSE,FALSE,FALSE,FALSE,FALSE,FALSE,None,None
Ice Damage Reduction Lv. 1,ElementResist_Ice_1,,ElementResist_Ice,ElementResist_Ice: # on Self,always,1,None,ElementResist_Ice,%,15,Self,,#N/A,0,,,#N/A,0,,FALSE,FALSE,FALSE,FALSE,FALSE,TRUE,FALSE,FALSE,FALSE,FALSE,FALSE,FALSE,None,None
Earth Damage Reduction Lv. 1,ElementResist_Earth_1,,ElementResist_Earth,ElementResist_Earth: # on Self,always,1,None,ElementResist_Earth,%,15,Self,,#N/A,0,,,#N/A,0,,FALSE,FALSE,FALSE,FALSE,FALSE,TRUE,FALSE,FALSE,FALSE,FALSE,FALSE,FALSE,None,None
Dark Damage Reduction Lv. 1,ElementResist_Dark_1,,ElementResist_Dark,ElementResist_Dark: # on Self,always,1,None,ElementResist_Dark,%,15,Self,,#N/A,0,,,#N/A,0,,FALSE,FALSE,FALSE,FALSE,FALSE,TRUE,FALSE,FALSE,FALSE,FALSE,FALSE,FALSE,None,None
Dragon Damage Reduction Lv. 1,ElementResist_Dragon_1,,ElementResist_Dragon,ElementResist_Dragon: # on Self,always,1,None,ElementResist_Dragon,%,15,Self,,#N/A,0,,,#N/A,0,,FALSE,FALSE,FALSE,FALSE,FALSE,TRUE,FALSE,FALSE,FALSE,FALSE,FALSE,FALSE,None,None
Neutral Damage Reduction Lv. 2,ElementResist_Normal_2,,ElementResist_Normal,ElementResist_Normal: # on Self,always,2,None,ElementResist_Normal,%,25,Self,,#N/A,0,,,#N/A,0,,FALSE,FALSE,FALSE,FALSE,FALSE,TRUE,FALSE,FALSE,FALSE,FALSE,FALSE,FALSE,None,None
Fire Damage Reduction Lv. 2,ElementResist_Fire_2,,ElementResist_Fire,ElementResist_Fire: # on Self,always,2,None,ElementResist_Fire,%,25,Self,,#N/A,0,,,#N/A,0,,FALSE,FALSE,FALSE,FALSE,FALSE,TRUE,FALSE,FALSE,FALSE,FALSE,FALSE,FALSE,None,None
Water Damage Reduction Lv. 2,ElementResist_Aqua_2,,ElementResist_Water,ElementResist_Water: # on Self,always,2,None,ElementResist_Water,%,25,Self,,#N/A,0,,,#N/A,0,,FALSE,FALSE,FALSE,FALSE,FALSE,TRUE,FALSE,FALSE,FALSE,FALSE,FALSE,FALSE,None,None
Electric Damage Reduction Lv. 2,ElementResist_Thunder_2,,ElementResist_Electricity,ElementResist_Electricity: # on Self,always,2,None,ElementResist_Electricity,%,25,Self,,#N/A,0,,,#N/A,0,,FALSE,FALSE,FALSE,FALSE,FALSE,TRUE,FALSE,FALSE,FALSE,FALSE,FALSE,FALSE,None,None
Grass Damage Reduction Lv. 2,ElementResist_Leaf_2,,ElementResist_Leaf,ElementResist_Leaf: # on Self,always,2,None,ElementResist_Leaf,%,25,Self,,#N/A,0,,,#N/A,0,,FALSE,FALSE,FALSE,FALSE,FALSE,TRUE,FALSE,FALSE,FALSE,FALSE,FALSE,FALSE,None,None
Ice Damage Reduction Lv. 2,ElementResist_Ice_2,,ElementResist_Ice,ElementResist_Ice: # on Self,always,2,None,ElementResist_Ice,%,25,Self,,#N/A,0,,,#N/A,0,,FALSE,FALSE,FALSE,FALSE,FALSE,TRUE,FALSE,FALSE,FALSE,FALSE,FALSE,FALSE,None,None
Earth Damage Reduction Lv. 2,ElementResist_Earth_2,,ElementResist_Earth,ElementResist_Earth: # on Self,always,2,None,ElementResist_Earth,%,25,Self,,#N/A,0,,,#N/A,0,,FALSE,FALSE,FALSE,FALSE,FALSE,TRUE,FALSE,FALSE,FALSE,FALSE,FALSE,FALSE,None,None
Dark Damage Reduction Lv. 2,ElementResist_Dark_2,,ElementResist_Dark,ElementResist_Dark: # on Self,always,2,None,ElementResist_Dark,%,25,Self,,#N/A,0,,,#N/A,0,,FALSE,FALSE,FALSE,FALSE,FALSE,TRUE,FALSE,FALSE,FALSE,FALSE,FALSE,FALSE,None,None
Dragon Damage Reduction Lv. 2,ElementResist_Dragon_2,,ElementResist_Dragon,ElementResist_Dragon: # on Self,always,2,None,ElementResist_Dragon,%,25,Self,,#N/A,0,,,#N/A,0,,FALSE,FALSE,FALSE,FALSE,FALSE,TRUE,FALSE,FALSE,FALSE,FALSE,FALSE,FALSE,None,None
Neutral Damage Reduction Lv. 3,ElementResist_Normal_3,,ElementResist_Normal,ElementResist_Normal: # on Self,always,3,None,ElementResist_Normal,%,35,Self,,#N/A,0,,,#N/A,0,,FALSE,FALSE,FALSE,FALSE,FALSE,TRUE,FALSE,FALSE,FALSE,FALSE,FALSE,FALSE,None,None
Fire Damage Reduction Lv. 3,ElementResist_Fire_3,,ElementResist_Fire,ElementResist_Fire: # on Self,always,3,None,ElementResist_Fire,%,35,Self,,#N/A,0,,,#N/A,0,,FALSE,FALSE,FALSE,FALSE,FALSE,TRUE,FALSE,FALSE,FALSE,FALSE,FALSE,FALSE,None,None
Water Damage Reduction Lv. 3,ElementResist_Aqua_3,,ElementResist_Water,ElementResist_Water: # on Self,always,3,None,ElementResist_Water,%,35,Self,,#N/A,0,,,#N/A,0,,FALSE,FALSE,FALSE,FALSE,FALSE,TRUE,FALSE,FALSE,FALSE,FALSE,FALSE,FALSE,None,None
Electric Damage Reduction Lv. 3,ElementResist_Thunder_3,,ElementResist_Electricity,ElementResist_Electricity: # on Self,always,3,None,ElementResist_Electricity,%,35,Self,,#N/A,0,,,#N/A,0,,FALSE,FALSE,FALSE,FALSE,FALSE,TRUE,FALSE,FALSE,FALSE,FALSE,FALSE,FALSE,None,None
Grass Damage Reduction Lv. 3,ElementResist_Leaf_3,,ElementResist_Leaf,ElementResist_Leaf: # on Self,always,3,None,ElementResist_Leaf,%,35,Self,,#N/A,0,,,#N/A,0,,FALSE,FALSE,FALSE,FALSE,FALSE,TRUE,FALSE,FALSE,FALSE,FALSE,FALSE,FALSE,None,None
Ice Damage Reduction Lv. 3,ElementResist_Ice_3,,ElementResist_Ice,ElementResist_Ice: # on Self,always,3,None,ElementResist_Ice,%,35,Self,,#N/A,0,,,#N/A,0,,FALSE,FALSE,FALSE,FALSE,FALSE,TRUE,FALSE,FALSE,FALSE,FALSE,FALSE,FALSE,None,None
Earth Damage Reduction Lv. 3,ElementResist_Earth_3,,ElementResist_Earth,ElementResist_Earth: # on Self,always,3,None,ElementResist_Earth,%,35,Self,,#N/A,0,,,#N/A,0,,FALSE,FALSE,FALSE,FALSE,FALSE,TRUE,FALSE,FALSE,FALSE,FALSE,FALSE,FALSE,None,None
Dark Damage Reduction Lv. 3,ElementResist_Dark_3,,ElementResist_Dark,ElementResist_Dark: # on Self,always,3,None,ElementResist_Dark,%,35,Self,,#N/A,0,,,#N/A,0,,FALSE,FALSE,FALSE,FALSE,FALSE,TRUE,FALSE,FALSE,FALSE,FALSE,FALSE,FALSE,None,None
Dragon Damage Reduction Lv. 3,ElementResist_Dragon_3,,ElementResist_Dragon,ElementResist_Dragon: # on Self,always,3,None,ElementResist_Dragon,%,35,Self,,#N/A,0,,,#N/A,0,,FALSE,FALSE,FALSE,FALSE,FALSE,TRUE,FALSE,FALSE,FALSE,FALSE,FALSE,FALSE,None,None
Vanguard,TrainerATK_UP_1,TRUE,ShotAttack,ShotAttack: # on Trainer,always,3,PASSIVE_TrainerATK_UP_1,ShotAttack,%,10,Trainer,,#N/A,0,,,#N/A,0,,FALSE,FALSE,FALSE,FALSE,FALSE,TRUE,TRUE,FALSE,FALSE,FALSE,FALSE,FALSE,None,None
Stronghold Strategist,TrainerDEF_UP_1,TRUE,Defense,Defense: # on Trainer,always,3,PASSIVE_TrainerDEF_UP_1,Defense,%,10,Trainer,,#N/A,0,,,#N/A,0,,FALSE,FALSE,FALSE,FALSE,FALSE,TRUE,TRUE,FALSE,FALSE,FALSE,FALSE,FALSE,None,None
Motivational Leader,TrainerWorkSpeed_UP_1,TRUE,CraftSpeed,CraftSpeed: # on Trainer,always,3,PASSIVE_TrainerWorkSpeed_UP_1,CraftSpeed,%,25,Trainer,,#N/A,0,,,#N/A,0,,FALSE,FALSE,FALSE,FALSE,FALSE,TRUE,TRUE,FALSE,FALSE,FALSE,FALSE,FALSE,None,None
Mine Foreman,TrainerMining_up1,TRUE,Mining,Mining: # on Trainer,always,3,PASSIVE_TrainerMining_up1,Mining,+,25,Trainer,,#N/A,0,,,#N/A,0,,FALSE,FALSE,FALSE,FALSE,FALSE,TRUE,TRUE,FALSE,FALSE,FALSE,FALSE,FALSE,None,None
Logging Foreman,TrainerLogging_up1,TRUE,Logging,Logging: # on Trainer,always,3,PASSIVE_TrainerLogging_up1,Logging,+,25,Trainer,,#N/A,0,,,#N/A,0,,FALSE,FALSE,FALSE,FALSE,FALSE,TRUE,TRUE,FALSE,FALSE,FALSE,FALSE,FALSE,None,None
en Text,PAL_TribePassive_Test,,ShotAttack. Defense,ShotAttack: # on Self. Defense: # on Self,in party (buff),1,None,ShotAttack,%,12,Self,Defense,%,12,Self,,#N/A,0,,FALSE,FALSE,FALSE,FALSE,TRUE,FALSE,FALSE,FALSE,FALSE,FALSE,FALSE,FALSE,None,None
#N/A,PAL_TribePassive_1,,ShotAttack. Defense,ShotAttack: # on Self. Defense: # on Self,in party (buff),1,None,ShotAttack,%,13,Self,Defense,%,13,Self,,#N/A,0,,FALSE,FALSE,FALSE,FALSE,TRUE,FALSE,FALSE,FALSE,FALSE,FALSE,FALSE,FALSE,None,None
#N/A,PAL_TribePassive_2,,ShotAttack. Defense,ShotAttack: # on Self. Defense: # on Self,in party (buff),1,None,ShotAttack,%,15,Self,Defense,%,15,Self,,#N/A,0,,FALSE,FALSE,FALSE,FALSE,TRUE,FALSE,FALSE,FALSE,FALSE,FALSE,FALSE,FALSE,None,None
#N/A,PAL_TribePassive_3,,ShotAttack. Defense,ShotAttack: # on Self. Defense: # on Self,in party (buff),1,None,ShotAttack,%,19,Self,Defense,%,19,Self,,#N/A,0,,FALSE,FALSE,FALSE,FALSE,TRUE,FALSE,FALSE,FALSE,FALSE,FALSE,FALSE,FALSE,None,None
#N/A,PAL_TribePassive_4,,ShotAttack. Defense,ShotAttack: # on Self. Defense: # on Self,in party (buff),1,None,ShotAttack,%,24,Self,Defense,%,24,Self,,#N/A,0,,FALSE,FALSE,FALSE,FALSE,TRUE,FALSE,FALSE,FALSE,FALSE,FALSE,FALSE,FALSE,None,None
Abnormal,ElementResist_Normal_1_PAL,TRUE,ElementResist_Normal,ElementResist_Normal: # on Self,always,1,PASSIVE_ElementResist_Normal_1_PAL,ElementResist_Normal,%,10,Self,,#N/A,0,,,#N/A,0,,FALSE,FALSE,FALSE,FALSE,FALSE,TRUE,TRUE,FALSE,FALSE,FALSE,FALSE,FALSE,None,None
Suntan Lover,ElementResist_Fire_1_PAL,TRUE,ElementResist_Fire,ElementResist_Fire: # on Self,always,1,PASSIVE_ElementResist_Fire_1_PAL,ElementResist_Fire,%,10,Self,,#N/A,0,,,#N/A,0,,FALSE,FALSE,FALSE,FALSE,FALSE,TRUE,TRUE,FALSE,FALSE,FALSE,FALSE,FALSE,None,None
Waterproof,ElementResist_Aqua_1_PAL,TRUE,ElementResist_Water,ElementResist_Water: # on Self,always,1,PASSIVE_ElementResist_Aqua_1_PAL,ElementResist_Water,%,10,Self,,#N/A,0,,,#N/A,0,,FALSE,FALSE,FALSE,FALSE,FALSE,TRUE,TRUE,FALSE,FALSE,FALSE,FALSE,FALSE,None,None
Insulated Body,ElementResist_Thunder_1_PAL,TRUE,ElementResist_Electricity,ElementResist_Electricity: # on Self,always,1,PASSIVE_ElementResist_Thunder_1_PAL,ElementResist_Electricity,%,10,Self,,#N/A,0,,,#N/A,0,,FALSE,FALSE,FALSE,FALSE,FALSE,TRUE,TRUE,FALSE,FALSE,FALSE,FALSE,FALSE,None,None
Botanical Barrier,ElementResist_Leaf_1_PAL,TRUE,ElementResist_Leaf,ElementResist_Leaf: # on Self,always,1,PASSIVE_ElementResist_Leaf_1_PAL,ElementResist_Leaf,%,10,Self,,#N/A,0,,,#N/A,0,,FALSE,FALSE,FALSE,FALSE,FALSE,TRUE,TRUE,FALSE,FALSE,FALSE,FALSE,FALSE,None,None
Heated Body,ElementResist_Ice_1_PAL,TRUE,ElementResist_Ice,ElementResist_Ice: # on Self,always,1,PASSIVE_ElementResist_Ice_1_PAL,ElementResist_Ice,%,10,Self,,#N/A,0,,,#N/A,0,,FALSE,FALSE,FALSE,FALSE,FALSE,TRUE,TRUE,FALSE,FALSE,FALSE,FALSE,FALSE,None,None
Earthquake Resistant,ElementResist_Earth_1_PAL,TRUE,ElementResist_Earth,ElementResist_Earth: # on Self,always,1,PASSIVE_ElementResist_Earth_1_PAL,ElementResist_Earth,%,10,Self,,#N/A,0,,,#N/A,0,,FALSE,FALSE,FALSE,FALSE,FALSE,TRUE,TRUE,FALSE,FALSE,FALSE,FALSE,FALSE,None,None
Cheery,ElementResist_Dark_1_PAL,TRUE,ElementResist_Dark,ElementResist_Dark: # on Self,always,1,PASSIVE_ElementResist_Dark_1_PAL,ElementResist_Dark,%,10,Self,,#N/A,0,,,#N/A,0,,FALSE,FALSE,FALSE,FALSE,FALSE,TRUE,TRUE,FALSE,FALSE,FALSE,FALSE,FALSE,None,None
Dragonkiller,ElementResist_Dragon_1_PAL,TRUE,ElementResist_Dragon,ElementResist_Dragon: # on Self,always,1,PASSIVE_ElementResist_Dragon_1_PAL,ElementResist_Dragon,%,10,Self,,#N/A,0,,,#N/A,0,,FALSE,FALSE,FALSE,FALSE,FALSE,TRUE,TRUE,FALSE,FALSE,FALSE,FALSE,FALSE,None,None
Zen Mind,ElementBoost_Normal_1_PAL,TRUE,ElementBoost_Normal,ElementBoost_Normal: # on Self,always,1,PASSIVE_ElementBoost_Normal_1_PAL,ElementBoost_Normal,%,10,Self,,#N/A,0,,,#N/A,0,,FALSE,FALSE,FALSE,FALSE,FALSE,TRUE,TRUE,FALSE,FALSE,FALSE,FALSE,FALSE,None,None
Pyromaniac,ElementBoost_Fire_1_PAL,TRUE,ElementBoost_Fire,ElementBoost_Fire: # on Self,always,1,PASSIVE_ElementBoost_Fire_1_PAL,ElementBoost_Fire,%,10,Self,,#N/A,0,,,#N/A,0,,FALSE,FALSE,FALSE,FALSE,FALSE,TRUE,TRUE,FALSE,FALSE,FALSE,FALSE,FALSE,None,None
Hydromaniac,ElementBoost_Aqua_1_PAL,TRUE,ElementBoost_Water,ElementBoost_Water: # on Self,always,1,PASSIVE_ElementBoost_Aqua_1_PAL,ElementBoost_Water,%,10,Self,,#N/A,0,,,#N/A,0,,FALSE,FALSE,FALSE,FALSE,FALSE,TRUE,TRUE,FALSE,FALSE,FALSE,FALSE,FALSE,None,None
Capacitor,ElementBoost_Thunder_1_PAL,TRUE,ElementBoost_Electricity,ElementBoost_Electricity: # on Self,always,1,PASSIVE_ElementBoost_Thunder_1_PAL,ElementBoost_Electricity,%,10,Self,,#N/A,0,,,#N/A,0,,FALSE,FALSE,FALSE,FALSE,FALSE,TRUE,TRUE,FALSE,FALSE,FALSE,FALSE,FALSE,None,None
Fragrant Foliage,ElementBoost_Leaf_1_PAL,TRUE,ElementBoost_Leaf,ElementBoost_Leaf: # on Self,always,1,PASSIVE_ElementBoost_Leaf_1_PAL,ElementBoost_Leaf,%,10,Self,,#N/A,0,,,#N/A,0,,FALSE,FALSE,FALSE,FALSE,FALSE,TRUE,TRUE,FALSE,FALSE,FALSE,FALSE,FALSE,None,None
Coldblooded,ElementBoost_Ice_1_PAL,TRUE,ElementBoost_Ice,ElementBoost_Ice: # on Self,always,1,PASSIVE_ElementBoost_Ice_1_PAL,ElementBoost_Ice,%,10,Self,,#N/A,0,,,#N/A,0,,FALSE,FALSE,FALSE,FALSE,FALSE,TRUE,TRUE,FALSE,FALSE,FALSE,FALSE,FALSE,None,None
Power of Gaia,ElementBoost_Earth_1_PAL,TRUE,ElementBoost_Earth,ElementBoost_Earth: # on Self,always,1,PASSIVE_ElementBoost_Earth_1_PAL,ElementBoost_Earth,%,10,Self,,#N/A,0,,,#N/A,0,,FALSE,FALSE,FALSE,FALSE,FALSE,TRUE,TRUE,FALSE,FALSE,FALSE,FALSE,FALSE,None,None
Veil of Darkness,ElementBoost_Dark_1_PAL,TRUE,ElementBoost_Dark,ElementBoost_Dark: # on Self,always,1,PASSIVE_ElementBoost_Dark_1_PAL,ElementBoost_Dark,%,10,Self,,#N/A,0,,,#N/A,0,,FALSE,FALSE,FALSE,FALSE,FALSE,TRUE,TRUE,FALSE,FALSE,FALSE,FALSE,FALSE,None,None
Blood of the Dragon,ElementBoost_Dragon_1_PAL,TRUE,ElementBoost_Dragon,ElementBoost_Dragon: # on Self,always,1,PASSIVE_ElementBoost_Dragon_1_PAL,ElementBoost_Dragon,%,10,Self,,#N/A,0,,,#N/A,0,,FALSE,FALSE,FALSE,FALSE,FALSE,TRUE,TRUE,FALSE,FALSE,FALSE,FALSE,FALSE,None,None
Glutton,PAL_FullStomach_Up_1,TRUE,FullStomatch_Decrease,FullStomatch_Decrease: # on Self,always,-1,PASSIVE_PAL_FullStomach_Up_1,FullStomatch_Decrease,#N/A,10,Self,,#N/A,0,,,#N/A,0,,FALSE,FALSE,FALSE,FALSE,FALSE,TRUE,TRUE,FALSE,FALSE,FALSE,FALSE,FALSE,None,None
Bottomless Stomach,PAL_FullStomach_Up_2,TRUE,FullStomatch_Decrease,FullStomatch_Decrease: # on Self,always,-2,PASSIVE_PAL_FullStomach_Up_2,FullStomatch_Decrease,#N/A,15,Self,,#N/A,0,,,#N/A,0,,FALSE,FALSE,FALSE,FALSE,FALSE,TRUE,TRUE,FALSE,FALSE,FALSE,FALSE,FALSE,None,None
Dainty Eater,PAL_FullStomach_Down_1,TRUE,FullStomatch_Decrease,FullStomatch_Decrease: # on Self,always,1,PASSIVE_PAL_FullStomach_Down_1,FullStomatch_Decrease,#N/A,-10,Self,,#N/A,0,,,#N/A,0,,FALSE,FALSE,FALSE,FALSE,FALSE,TRUE,TRUE,FALSE,FALSE,FALSE,FALSE,FALSE,None,None
Diet Lover,PAL_FullStomach_Down_2,TRUE,FullStomatch_Decrease,FullStomatch_Decrease: # on Self,always,3,PASSIVE_PAL_FullStomach_Down_2,FullStomatch_Decrease,#N/A,-15,Self,,#N/A,0,,,#N/A,0,,FALSE,FALSE,FALSE,FALSE,FALSE,TRUE,TRUE,FALSE,FALSE,FALSE,FALSE,FALSE,None,None
Unstable,PAL_Sanity_Up_1,TRUE,Sanity_Decrease,Sanity_Decrease: # on Self,always,-1,PASSIVE_PAL_Sanity_Up_1,Sanity_Decrease,#N/A,10,Self,,#N/A,0,,,#N/A,0,,FALSE,FALSE,FALSE,FALSE,FALSE,TRUE,TRUE,FALSE,FALSE,FALSE,FALSE,FALSE,None,None
Destructive,PAL_Sanity_Up_2,TRUE,Sanity_Decrease,Sanity_Decrease: # on Self,always,-2,PASSIVE_PAL_Sanity_Up_2,Sanity_Decrease,#N/A,15,Self,,#N/A,0,,,#N/A,0,,FALSE,FALSE,FALSE,FALSE,FALSE,TRUE,TRUE,FALSE,FALSE,FALSE,FALSE,FALSE,None,None
Positive Thinker,PAL_Sanity_Down_1,TRUE,Sanity_Decrease,Sanity_Decrease: # on Self,always,1,PASSIVE_PAL_Sanity_Down_1,Sanity_Decrease,#N/A,-10,Self,,#N/A,0,,,#N/A,0,,FALSE,FALSE,FALSE,FALSE,FALSE,TRUE,TRUE,FALSE,FALSE,FALSE,FALSE,FALSE,None,None
Workaholic,PAL_Sanity_Down_2,TRUE,Sanity_Decrease,Sanity_Decrease: # on Self,always,3,PASSIVE_PAL_Sanity_Down_2,Sanity_Decrease,#N/A,-15,Self,,#N/A,0,,,#N/A,0,,FALSE,FALSE,FALSE,FALSE,FALSE,TRUE,TRUE,FALSE,FALSE,FALSE,FALSE,FALSE,None,None
Celestial Emperor,ElementBoost_Normal_2_PAL,TRUE,ElementBoost_Normal,ElementBoost_Normal: # on Self,always,3,PASSIVE_ElementBoost_Normal_1_PAL,ElementBoost_Normal,%,20,Self,,#N/A,0,,,#N/A,0,,FALSE,FALSE,FALSE,FALSE,FALSE,TRUE,FALSE,FALSE,FALSE,FALSE,FALSE,FALSE,None,None
Flame Emperor,ElementBoost_Fire_2_PAL,TRUE,ElementBoost_Fire,ElementBoost_Fire: # on Self,always,3,PASSIVE_ElementBoost_Fire_1_PAL,ElementBoost_Fire,%,20,Self,,#N/A,0,,,#N/A,0,,FALSE,FALSE,FALSE,FALSE,FALSE,TRUE,FALSE,FALSE,FALSE,FALSE,FALSE,FALSE,None,None
Lord of the Sea,ElementBoost_Aqua_2_PAL,TRUE,ElementBoost_Water,ElementBoost_Water: # on Self,always,3,PASSIVE_ElementBoost_Aqua_1_PAL,ElementBoost_Water,%,20,Self,,#N/A,0,,,#N/A,0,,FALSE,FALSE,FALSE,FALSE,FALSE,TRUE,FALSE,FALSE,FALSE,FALSE,FALSE,FALSE,None,None
Lord of Lightning,ElementBoost_Thunder_2_PAL,TRUE,ElementBoost_Electricity,ElementBoost_Electricity: # on Self,always,3,PASSIVE_ElementBoost_Thunder_1_PAL,ElementBoost_Electricity,%,20,Self,,#N/A,0,,,#N/A,0,,FALSE,FALSE,FALSE,FALSE,FALSE,TRUE,FALSE,FALSE,FALSE,FALSE,FALSE,FALSE,None,None
Spirit Emperor,ElementBoost_Leaf_2_PAL,TRUE,ElementBoost_Leaf,ElementBoost_Leaf: # on Self,always,3,PASSIVE_ElementBoost_Leaf_1_PAL,ElementBoost_Leaf,%,20,Self,,#N/A,0,,,#N/A,0,,FALSE,FALSE,FALSE,FALSE,FALSE,TRUE,FALSE,FALSE,FALSE,FALSE,FALSE,FALSE,None,None
Ice Emperor,ElementBoost_Ice_2_PAL,TRUE,ElementBoost_Ice,ElementBoost_Ice: # on Self,always,3,PASSIVE_ElementBoost_Ice_1_PAL,ElementBoost_Ice,%,20,Self,,#N/A,0,,,#N/A,0,,FALSE,FALSE,FALSE,FALSE,FALSE,TRUE,FALSE,FALSE,FALSE,FALSE,FALSE,FALSE,None,None
Earth Emperor,ElementBoost_Earth_2_PAL,TRUE,ElementBoost_Earth,ElementBoost_Earth: # on Self,always,3,PASSIVE_ElementBoost_Earth_1_PAL,ElementBoost_Earth,%,20,Self,,#N/A,0,,,#N/A,0,,FALSE,FALSE,FALSE,FALSE,FALSE,TRUE,FALSE,FALSE,FALSE,FALSE,FALSE,FALSE,None,None
Lord of the Underworld,ElementBoost_Dark_2_PAL,TRUE,ElementBoost_Dark,ElementBoost_Dark: # on Self,always,3,PASSIVE_ElementBoost_Dark_1_PAL,ElementBoost_Dark,%,20,Self,,#N/A,0,,,#N/A,0,,FALSE,FALSE,FALSE,FALSE,FALSE,TRUE,FALSE,FALSE,FALSE,FALSE,FALSE,FALSE,None,None
Divine Dragon,ElementBoost_Dragon_2_PAL,TRUE,ElementBoost_Dragon,ElementBoost_Dragon: # on Self,always,3,PASSIVE_ElementBoost_Dragon_1_PAL,ElementBoost_Dragon,%,20,Self,,#N/A,0,,,#N/A,0,,FALSE,FALSE,FALSE,FALSE,FALSE,TRUE,FALSE,FALSE,FALSE,FALSE,FALSE,FALSE,None,None
#N/A,ElementAddDrop_Normal_1_PAL,,ElementAddItemDrop_Normal,ElementAddItemDrop_Normal: # on SelfAndTrainer,active pal,1,None,ElementAddItemDrop_Normal,%,40,SelfAndTrainer,,#N/A,0,,,#N/A,0,,TRUE,FALSE,FALSE,FALSE,FALSE,FALSE,FALSE,FALSE,FALSE,FALSE,FALSE,FALSE,None,None
#N/A,ElementAddDrop_Fire_1_PAL,,ElementAddItemDrop_Fire,ElementAddItemDrop_Fire: # on SelfAndTrainer,active pal,1,None,ElementAddItemDrop_Fire,%,40,SelfAndTrainer,,#N/A,0,,,#N/A,0,,TRUE,FALSE,FALSE,FALSE,FALSE,FALSE,FALSE,FALSE,FALSE,FALSE,FALSE,FALSE,None,None
#N/A,ElementAddDrop_Aqua_1_PAL,,ElementAddItemDrop_Water,ElementAddItemDrop_Water: # on SelfAndTrainer,active pal,1,None,ElementAddItemDrop_Water,%,40,SelfAndTrainer,,#N/A,0,,,#N/A,0,,TRUE,FALSE,FALSE,FALSE,FALSE,FALSE,FALSE,FALSE,FALSE,FALSE,FALSE,FALSE,None,None
#N/A,ElementAddDrop_Thunder_1_PAL,,ElementAddItemDrop_Electricity,ElementAddItemDrop_Electricity: # on SelfAndTrainer,active pal,1,None,ElementAddItemDrop_Electricity,%,40,SelfAndTrainer,,#N/A,0,,,#N/A,0,,TRUE,FALSE,FALSE,FALSE,FALSE,FALSE,FALSE,FALSE,FALSE,FALSE,FALSE,FALSE,None,None
#N/A,ElementAddDrop_Leaf_1_PAL,,ElementAddItemDrop_Leaf,ElementAddItemDrop_Leaf: # on SelfAndTrainer,active pal,1,None,ElementAddItemDrop_Leaf,%,40,SelfAndTrainer,,#N/A,0,,,#N/A,0,,TRUE,FALSE,FALSE,FALSE,FALSE,FALSE,FALSE,FALSE,FALSE,FALSE,FALSE,FALSE,None,None
#N/A,ElementAddDrop_Ice_1_PAL,,ElementAddItemDrop_Ice,ElementAddItemDrop_Ice: # on SelfAndTrainer,active pal,1,None,ElementAddItemDrop_Ice,%,40,SelfAndTrainer,,#N/A,0,,,#N/A,0,,TRUE,FALSE,FALSE,FALSE,FALSE,FALSE,FALSE,FALSE,FALSE,FALSE,FALSE,FALSE,None,None
#N/A,ElementAddDrop_Earth_1_PAL,,ElementAddItemDrop_Earth,ElementAddItemDrop_Earth: # on SelfAndTrainer,active pal,1,None,ElementAddItemDrop_Earth,%,40,SelfAndTrainer,,#N/A,0,,,#N/A,0,,TRUE,FALSE,FALSE,FALSE,FALSE,FALSE,FALSE,FALSE,FALSE,FALSE,FALSE,FALSE,None,None
#N/A,ElementAddDrop_Dark_1_PAL,,ElementAddItemDrop_Dark,ElementAddItemDrop_Dark: # on SelfAndTrainer,active pal,1,None,ElementAddItemDrop_Dark,%,40,SelfAndTrainer,,#N/A,0,,,#N/A,0,,TRUE,FALSE,FALSE,FALSE,FALSE,FALSE,FALSE,FALSE,FALSE,FALSE,FALSE,FALSE,None,None
#N/A,ElementAddDrop_Dragon_1_PAL,,ElementAddItemDrop_Dragon,ElementAddItemDrop_Dragon: # on SelfAndTrainer,active pal,1,None,ElementAddItemDrop_Dragon,%,40,SelfAndTrainer,,#N/A,0,,,#N/A,0,,TRUE,FALSE,FALSE,FALSE,FALSE,FALSE,FALSE,FALSE,FALSE,FALSE,FALSE,FALSE,None,None
#N/A,ElementAddDrop_Normal_2_PAL,,ElementAddItemDrop_Normal,ElementAddItemDrop_Normal: # on SelfAndTrainer,active pal,1,None,ElementAddItemDrop_Normal,%,50,SelfAndTrainer,,#N/A,0,,,#N/A,0,,TRUE,FALSE,FALSE,FALSE,FALSE,FALSE,FALSE,FALSE,FALSE,FALSE,FALSE,FALSE,None,None
#N/A,ElementAddDrop_Fire_2_PAL,,ElementAddItemDrop_Fire,ElementAddItemDrop_Fire: # on SelfAndTrainer,active pal,1,None,ElementAddItemDrop_Fire,%,50,SelfAndTrainer,,#N/A,0,,,#N/A,0,,TRUE,FALSE,FALSE,FALSE,FALSE,FALSE,FALSE,FALSE,FALSE,FALSE,FALSE,FALSE,None,None
#N/A,ElementAddDrop_Aqua_2_PAL,,ElementAddItemDrop_Water,ElementAddItemDrop_Water: # on SelfAndTrainer,active pal,1,None,ElementAddItemDrop_Water,%,50,SelfAndTrainer,,#N/A,0,,,#N/A,0,,TRUE,FALSE,FALSE,FALSE,FALSE,FALSE,FALSE,FALSE,FALSE,FALSE,FALSE,FALSE,None,None
#N/A,ElementAddDrop_Thunder_2_PAL,,ElementAddItemDrop_Electricity,ElementAddItemDrop_Electricity: # on SelfAndTrainer,active pal,1,None,ElementAddItemDrop_Electricity,%,50,SelfAndTrainer,,#N/A,0,,,#N/A,0,,TRUE,FALSE,FALSE,FALSE,FALSE,FALSE,FALSE,FALSE,FALSE,FALSE,FALSE,FALSE,None,None
#N/A,ElementAddDrop_Leaf_2_PAL,,ElementAddItemDrop_Leaf,ElementAddItemDrop_Leaf: # on SelfAndTrainer,active pal,1,None,ElementAddItemDrop_Leaf,%,50,SelfAndTrainer,,#N/A,0,,,#N/A,0,,TRUE,FALSE,FALSE,FALSE,FALSE,FALSE,FALSE,FALSE,FALSE,FALSE,FALSE,FALSE,None,None
#N/A,ElementAddDrop_Ice_2_PAL,,ElementAddItemDrop_Ice,ElementAddItemDrop_Ice: # on SelfAndTrainer,active pal,1,None,ElementAddItemDrop_Ice,%,50,SelfAndTrainer,,#N/A,0,,,#N/A,0,,TRUE,FALSE,FALSE,FALSE,FALSE,FALSE,FALSE,FALSE,FALSE,FALSE,FALSE,FALSE,None,None
#N/A,ElementAddDrop_Earth_2_PAL,,ElementAddItemDrop_Earth,ElementAddItemDrop_Earth: # on SelfAndTrainer,active pal,1,None,ElementAddItemDrop_Earth,%,50,SelfAndTrainer,,#N/A,0,,,#N/A,0,,TRUE,FALSE,FALSE,FALSE,FALSE,FALSE,FALSE,FALSE,FALSE,FALSE,FALSE,FALSE,None,None
#N/A,ElementAddDrop_Dark_2_PAL,,ElementAddItemDrop_Dark,ElementAddItemDrop_Dark: # on SelfAndTrainer,active pal,1,None,ElementAddItemDrop_Dark,%,50,SelfAndTrainer,,#N/A,0,,,#N/A,0,,TRUE,FALSE,FALSE,FALSE,FALSE,FALSE,FALSE,FALSE,FALSE,FALSE,FALSE,FALSE,None,None
#N/A,ElementAddDrop_Dragon_2_PAL,,ElementAddItemDrop_Dragon,ElementAddItemDrop_Dragon: # on SelfAndTrainer,active pal,1,None,ElementAddItemDrop_Dragon,%,50,SelfAndTrainer,,#N/A,0,,,#N/A,0,,TRUE,FALSE,FALSE,FALSE,FALSE,FALSE,FALSE,FALSE,FALSE,FALSE,FALSE,FALSE,None,None
#N/A,ElementAddDrop_Normal_3_PAL,,ElementAddItemDrop_Normal,ElementAddItemDrop_Normal: # on SelfAndTrainer,active pal,1,None,ElementAddItemDrop_Normal,%,60,SelfAndTrainer,,#N/A,0,,,#N/A,0,,TRUE,FALSE,FALSE,FALSE,FALSE,FALSE,FALSE,FALSE,FALSE,FALSE,FALSE,FALSE,None,None
#N/A,ElementAddDrop_Fire_3_PAL,,ElementAddItemDrop_Fire,ElementAddItemDrop_Fire: # on SelfAndTrainer,active pal,1,None,ElementAddItemDrop_Fire,%,60,SelfAndTrainer,,#N/A,0,,,#N/A,0,,TRUE,FALSE,FALSE,FALSE,FALSE,FALSE,FALSE,FALSE,FALSE,FALSE,FALSE,FALSE,None,None
#N/A,ElementAddDrop_Aqua_3_PAL,,ElementAddItemDrop_Water,ElementAddItemDrop_Water: # on SelfAndTrainer,active pal,1,None,ElementAddItemDrop_Water,%,60,SelfAndTrainer,,#N/A,0,,,#N/A,0,,TRUE,FALSE,FALSE,FALSE,FALSE,FALSE,FALSE,FALSE,FALSE,FALSE,FALSE,FALSE,None,None
#N/A,ElementAddDrop_Thunder_3_PAL,,ElementAddItemDrop_Electricity,ElementAddItemDrop_Electricity: # on SelfAndTrainer,active pal,1,None,ElementAddItemDrop_Electricity,%,60,SelfAndTrainer,,#N/A,0,,,#N/A,0,,TRUE,FALSE,FALSE,FALSE,FALSE,FALSE,FALSE,FALSE,FALSE,FALSE,FALSE,FALSE,None,None
#N/A,ElementAddDrop_Leaf_3_PAL,,ElementAddItemDrop_Leaf,ElementAddItemDrop_Leaf: # on SelfAndTrainer,active pal,1,None,ElementAddItemDrop_Leaf,%,60,SelfAndTrainer,,#N/A,0,,,#N/A,0,,TRUE,FALSE,FALSE,FALSE,FALSE,FALSE,FALSE,FALSE,FALSE,FALSE,FALSE,FALSE,None,None
#N/A,ElementAddDrop_Ice_3_PAL,,ElementAddItemDrop_Ice,ElementAddItemDrop_Ice: # on SelfAndTrainer,active pal,1,None,ElementAddItemDrop_Ice,%,60,SelfAndTrainer,,#N/A,0,,,#N/A,0,,TRUE,FALSE,FALSE,FALSE,FALSE,FALSE,FALSE,FALSE,FALSE,FALSE,FALSE,FALSE,None,None
#N/A,ElementAddDrop_Earth_3_PAL,,ElementAddItemDrop_Earth,ElementAddItemDrop_Earth: # on SelfAndTrainer,active pal,1,None,ElementAddItemDrop_Earth,%,60,SelfAndTrainer,,#N/A,0,,,#N/A,0,,TRUE,FALSE,FALSE,FALSE,FALSE,FALSE,FALSE,FALSE,FALSE,FALSE,FALSE,FALSE,None,None
#N/A,ElementAddDrop_Dark_3_PAL,,ElementAddItemDrop_Dark,ElementAddItemDrop_Dark: # on SelfAndTrainer,active pal,1,None,ElementAddItemDrop_Dark,%,60,SelfAndTrainer,,#N/A,0,,,#N/A,0,,TRUE,FALSE,FALSE,FALSE,FALSE,FALSE,FALSE,FALSE,FALSE,FALSE,FALSE,FALSE,None,None
#N/A,ElementAddDrop_Dragon_3_PAL,,ElementAddItemDrop_Dragon,ElementAddItemDrop_Dragon: # on SelfAndTrainer,active pal,1,None,ElementAddItemDrop_Dragon,%,60,SelfAndTrainer,,#N/A,0,,,#N/A,0,,TRUE,FALSE,FALSE,FALSE,FALSE,FALSE,FALSE,FALSE,FALSE,FALSE,FALSE,FALSE,None,None
#N/A,ElementAddDrop_Normal_4_PAL,,ElementAddItemDrop_Normal,ElementAddItemDrop_Normal: # on SelfAndTrainer,active pal,1,None,ElementAddItemDrop_Normal,%,70,SelfAndTrainer,,#N/A,0,,,#N/A,0,,TRUE,FALSE,FALSE,FALSE,FALSE,FALSE,FALSE,FALSE,FALSE,FALSE,FALSE,FALSE,None,None
#N/A,ElementAddDrop_Fire_4_PAL,,ElementAddItemDrop_Fire,ElementAddItemDrop_Fire: # on SelfAndTrainer,active pal,1,None,ElementAddItemDrop_Fire,%,70,SelfAndTrainer,,#N/A,0,,,#N/A,0,,TRUE,FALSE,FALSE,FALSE,FALSE,FALSE,FALSE,FALSE,FALSE,FALSE,FALSE,FALSE,None,None
#N/A,ElementAddDrop_Aqua_4_PAL,,ElementAddItemDrop_Water,ElementAddItemDrop_Water: # on SelfAndTrainer,active pal,1,None,ElementAddItemDrop_Water,%,70,SelfAndTrainer,,#N/A,0,,,#N/A,0,,TRUE,FALSE,FALSE,FALSE,FALSE,FALSE,FALSE,FALSE,FALSE,FALSE,FALSE,FALSE,None,None
#N/A,ElementAddDrop_Thunder_4_PAL,,ElementAddItemDrop_Electricity,ElementAddItemDrop_Electricity: # on SelfAndTrainer,active pal,1,None,ElementAddItemDrop_Electricity,%,70,SelfAndTrainer,,#N/A,0,,,#N/A,0,,TRUE,FALSE,FALSE,FALSE,FALSE,FALSE,FALSE,FALSE,FALSE,FALSE,FALSE,FALSE,None,None
#N/A,ElementAddDrop_Leaf_4_PAL,,ElementAddItemDrop_Leaf,ElementAddItemDrop_Leaf: # on SelfAndTrainer,active pal,1,None,ElementAddItemDrop_Leaf,%,70,SelfAndTrainer,,#N/A,0,,,#N/A,0,,TRUE,FALSE,FALSE,FALSE,FALSE,FALSE,FALSE,FALSE,FALSE,FALSE,FALSE,FALSE,None,None
#N/A,ElementAddDrop_Ice_4_PAL,,ElementAddItemDrop_Ice,ElementAddItemDrop_Ice: # on SelfAndTrainer,active pal,1,None,ElementAddItemDrop_Ice,%,70,SelfAndTrainer,,#N/A,0,,,#N/A,0,,TRUE,FALSE,FALSE,FALSE,FALSE,FALSE,FALSE,FALSE,FALSE,FALSE,FALSE,FALSE,None,None
#N/A,ElementAddDrop_Earth_4_PAL,,ElementAddItemDrop_Earth,ElementAddItemDrop_Earth: # on SelfAndTrainer,active pal,1,None,ElementAddItemDrop_Earth,%,70,SelfAndTrainer,,#N/A,0,,,#N/A,0,,TRUE,FALSE,FALSE,FALSE,FALSE,FALSE,FALSE,FALSE,FALSE,FALSE,FALSE,FALSE,None,None
#N/A,ElementAddDrop_Dark_4_PAL,,ElementAddItemDrop_Dark,ElementAddItemDrop_Dark: # on SelfAndTrainer,active pal,1,None,ElementAddItemDrop_Dark,%,70,SelfAndTrainer,,#N/A,0,,,#N/A,0,,TRUE,FALSE,FALSE,FALSE,FALSE,FALSE,FALSE,FALSE,FALSE,FALSE,FALSE,FALSE,None,None
#N/A,ElementAddDrop_Dragon_4_PAL,,ElementAddItemDrop_Dragon,ElementAddItemDrop_Dragon: # on SelfAndTrainer,active pal,1,None,ElementAddItemDrop_Dragon,%,70,SelfAndTrainer,,#N/A,0,,,#N/A,0,,TRUE,FALSE,FALSE,FALSE,FALSE,FALSE,FALSE,FALSE,FALSE,FALSE,FALSE,FALSE,None,None
#N/A,ElementAddDrop_Normal_5_PAL,,ElementAddItemDrop_Normal,ElementAddItemDrop_Normal: # on SelfAndTrainer,active pal,1,None,ElementAddItemDrop_Normal,%,80,SelfAndTrainer,,#N/A,0,,,#N/A,0,,TRUE,FALSE,FALSE,FALSE,FALSE,FALSE,FALSE,FALSE,FALSE,FALSE,FALSE,FALSE,None,None
#N/A,ElementAddDrop_Fire_5_PAL,,ElementAddItemDrop_Fire,ElementAddItemDrop_Fire: # on SelfAndTrainer,active pal,1,None,ElementAddItemDrop_Fire,%,80,SelfAndTrainer,,#N/A,0,,,#N/A,0,,TRUE,FALSE,FALSE,FALSE,FALSE,FALSE,FALSE,FALSE,FALSE,FALSE,FALSE,FALSE,None,None
#N/A,ElementAddDrop_Aqua_5_PAL,,ElementAddItemDrop_Water,ElementAddItemDrop_Water: # on SelfAndTrainer,active pal,1,None,ElementAddItemDrop_Water,%,80,SelfAndTrainer,,#N/A,0,,,#N/A,0,,TRUE,FALSE,FALSE,FALSE,FALSE,FALSE,FALSE,FALSE,FALSE,FALSE,FALSE,FALSE,None,None
#N/A,ElementAddDrop_Thunder_5_PAL,,ElementAddItemDrop_Electricity,ElementAddItemDrop_Electricity: # on SelfAndTrainer,active pal,1,None,ElementAddItemDrop_Electricity,%,80,SelfAndTrainer,,#N/A,0,,,#N/A,0,,TRUE,FALSE,FALSE,FALSE,FALSE,FALSE,FALSE,FALSE,FALSE,FALSE,FALSE,FALSE,None,None
#N/A,ElementAddDrop_Leaf_5_PAL,,ElementAddItemDrop_Leaf,ElementAddItemDrop_Leaf: # on SelfAndTrainer,active pal,1,None,ElementAddItemDrop_Leaf,%,80,SelfAndTrainer,,#N/A,0,,,#N/A,0,,TRUE,FALSE,FALSE,FALSE,FALSE,FALSE,FALSE,FALSE,FALSE,FALSE,FALSE,FALSE,None,None
#N/A,ElementAddDrop_Ice_5_PAL,,ElementAddItemDrop_Ice,ElementAddItemDrop_Ice: # on SelfAndTrainer,active pal,1,None,ElementAddItemDrop_Ice,%,80,SelfAndTrainer,,#N/A,0,,,#N/A,0,,TRUE,FALSE,FALSE,FALSE,FALSE,FALSE,FALSE,FALSE,FALSE,FALSE,FALSE,FALSE,None,None
#N/A,ElementAddDrop_Earth_5_PAL,,ElementAddItemDrop_Earth,ElementAddItemDrop_Earth: # on SelfAndTrainer,active pal,1,None,ElementAddItemDrop_Earth,%,80,SelfAndTrainer,,#N/A,0,,,#N/A,0,,TRUE,FALSE,FALSE,FALSE,FALSE,FALSE,FALSE,FALSE,FALSE,FALSE,FALSE,FALSE,None,None
#N/A,ElementAddDrop_Dark_5_PAL,,ElementAddItemDrop_Dark,ElementAddItemDrop_Dark: # on SelfAndTrainer,active pal,1,None,ElementAddItemDrop_Dark,%,80,SelfAndTrainer,,#N/A,0,,,#N/A,0,,TRUE,FALSE,FALSE,FALSE,FALSE,FALSE,FALSE,FALSE,FALSE,FALSE,FALSE,FALSE,None,None
#N/A,ElementAddDrop_Dragon_5_PAL,,ElementAddItemDrop_Dragon,ElementAddItemDrop_Dragon: # on SelfAndTrainer,active pal,1,None,ElementAddItemDrop_Dragon,%,80,SelfAndTrainer,,#N/A,0,,,#N/A,0,,TRUE,FALSE,FALSE,FALSE,FALSE,FALSE,FALSE,FALSE,FALSE,FALSE,FALSE,FALSE,None,None
Nimble,MoveSpeed_up_1,TRUE,MoveSpeed,MoveSpeed: # on Self,always,1,PASSIVE_PAL_MoveSpeed_up_1,MoveSpeed,%,10,Self,,#N/A,0,,,#N/A,0,,FALSE,FALSE,FALSE,FALSE,FALSE,TRUE,TRUE,FALSE,FALSE,FALSE,FALSE,FALSE,None,None
Runner,MoveSpeed_up_2,TRUE,MoveSpeed,MoveSpeed: # on Self,always,2,PASSIVE_PAL_MoveSpeed_up_2,MoveSpeed,%,20,Self,,#N/A,0,,,#N/A,0,,FALSE,FALSE,FALSE,FALSE,FALSE,TRUE,TRUE,FALSE,FALSE,FALSE,FALSE,FALSE,None,None
Swift,MoveSpeed_up_3,TRUE,MoveSpeed,MoveSpeed: # on Self,always,3,PASSIVE_PAL_MoveSpeed_up_3,MoveSpeed,%,30,Self,,#N/A,0,,,#N/A,0,,FALSE,FALSE,FALSE,FALSE,FALSE,TRUE,TRUE,FALSE,FALSE,FALSE,FALSE,FALSE,None,None
#N/A,TemperatureInvalid_Heat,,TemperatureInvalid_Heat,TemperatureInvalid_Heat: # on Trainer,mounted,1,None,TemperatureInvalid_Heat,bool,0,Trainer,,#N/A,0,,,#N/A,0,,FALSE,FALSE,TRUE,FALSE,FALSE,FALSE,FALSE,FALSE,FALSE,FALSE,FALSE,FALSE,None,None
#N/A,TemperatureInvalid_Cold,,TemperatureInvalid_Cold,TemperatureInvalid_Cold: # on Trainer,mounted,1,None,TemperatureInvalid_Cold,bool,0,Trainer,,#N/A,0,,,#N/A,0,,FALSE,FALSE,TRUE,FALSE,FALSE,FALSE,FALSE,FALSE,FALSE,FALSE,FALSE,FALSE,None,None
#N/A,WeakDamage_ActiveOtomo,,BodyPartsWeakDamage,BodyPartsWeakDamage: # on Trainer,active pal,1,None,BodyPartsWeakDamage,%,20,Trainer,,#N/A,0,,,#N/A,0,,TRUE,FALSE,FALSE,FALSE,FALSE,FALSE,FALSE,FALSE,FALSE,FALSE,FALSE,FALSE,None,None
#N/A,WeakDamage_ActiveOtomo_1,,BodyPartsWeakDamage,BodyPartsWeakDamage: # on Trainer,active pal,1,None,BodyPartsWeakDamage,%,22,Trainer,,#N/A,0,,,#N/A,0,,TRUE,FALSE,FALSE,FALSE,FALSE,FALSE,FALSE,FALSE,FALSE,FALSE,FALSE,FALSE,None,None
#N/A,WeakDamage_ActiveOtomo_2,,BodyPartsWeakDamage,BodyPartsWeakDamage: # on Trainer,active pal,1,None,BodyPartsWeakDamage,%,26,Trainer,,#N/A,0,,,#N/A,0,,TRUE,FALSE,FALSE,FALSE,FALSE,FALSE,FALSE,FALSE,FALSE,FALSE,FALSE,FALSE,None,None
#N/A,WeakDamage_ActiveOtomo_3,,BodyPartsWeakDamage,BodyPartsWeakDamage: # on Trainer,active pal,1,None,BodyPartsWeakDamage,%,32,Trainer,,#N/A,0,,,#N/A,0,,TRUE,FALSE,FALSE,FALSE,FALSE,FALSE,FALSE,FALSE,FALSE,FALSE,FALSE,FALSE,None,None
#N/A,WeakDamage_ActiveOtomo_4,,BodyPartsWeakDamage,BodyPartsWeakDamage: # on Trainer,active pal,1,None,BodyPartsWeakDamage,%,40,Trainer,,#N/A,0,,,#N/A,0,,TRUE,FALSE,FALSE,FALSE,FALSE,FALSE,FALSE,FALSE,FALSE,FALSE,FALSE,FALSE,None,None
#N/A,WeakDamage_Riding,,BodyPartsWeakDamage,BodyPartsWeakDamage: # on Trainer,mounted,1,None,BodyPartsWeakDamage,%,20,Trainer,,#N/A,0,,,#N/A,0,,FALSE,FALSE,TRUE,FALSE,FALSE,FALSE,FALSE,FALSE,FALSE,FALSE,FALSE,FALSE,None,None
#N/A,WeakDamage_Riding_1,,BodyPartsWeakDamage,BodyPartsWeakDamage: # on Trainer,mounted,1,None,BodyPartsWeakDamage,%,22,Trainer,,#N/A,0,,,#N/A,0,,FALSE,FALSE,TRUE,FALSE,FALSE,FALSE,FALSE,FALSE,FALSE,FALSE,FALSE,FALSE,None,None
#N/A,WeakDamage_Riding_2,,BodyPartsWeakDamage,BodyPartsWeakDamage: # on Trainer,mounted,1,None,BodyPartsWeakDamage,%,26,Trainer,,#N/A,0,,,#N/A,0,,FALSE,FALSE,TRUE,FALSE,FALSE,FALSE,FALSE,FALSE,FALSE,FALSE,FALSE,FALSE,None,None
#N/A,WeakDamage_Riding_3,,BodyPartsWeakDamage,BodyPartsWeakDamage: # on Trainer,mounted,1,None,BodyPartsWeakDamage,%,32,Trainer,,#N/A,0,,,#N/A,0,,FALSE,FALSE,TRUE,FALSE,FALSE,FALSE,FALSE,FALSE,FALSE,FALSE,FALSE,FALSE,None,None
#N/A,WeakDamage_Riding_4,,BodyPartsWeakDamage,BodyPartsWeakDamage: # on Trainer,mounted,1,None,BodyPartsWeakDamage,%,40,Trainer,,#N/A,0,,,#N/A,0,,FALSE,FALSE,TRUE,FALSE,FALSE,FALSE,FALSE,FALSE,FALSE,FALSE,FALSE,FALSE,None,None
#N/A,MoveSpeed_up_PartnerSkill_Ride_1,,MoveSpeed,MoveSpeed: # on SelfAndTrainer,mounted,1,None,MoveSpeed,%,10,SelfAndTrainer,,#N/A,0,,,#N/A,0,,FALSE,FALSE,TRUE,FALSE,FALSE,FALSE,FALSE,FALSE,FALSE,FALSE,FALSE,FALSE,None,None
#N/A,MoveSpeed_up_PartnerSkill_Ride_2,,MoveSpeed,MoveSpeed: # on SelfAndTrainer,mounted,1,None,MoveSpeed,%,12,SelfAndTrainer,,#N/A,0,,,#N/A,0,,FALSE,FALSE,TRUE,FALSE,FALSE,FALSE,FALSE,FALSE,FALSE,FALSE,FALSE,FALSE,None,None
#N/A,MoveSpeed_up_PartnerSkill_Ride_3,,MoveSpeed,MoveSpeed: # on SelfAndTrainer,mounted,1,None,MoveSpeed,%,15,SelfAndTrainer,,#N/A,0,,,#N/A,0,,FALSE,FALSE,TRUE,FALSE,FALSE,FALSE,FALSE,FALSE,FALSE,FALSE,FALSE,FALSE,None,None
#N/A,MoveSpeed_up_PartnerSkill_Ride_4,,MoveSpeed,MoveSpeed: # on SelfAndTrainer,mounted,1,None,MoveSpeed,%,20,SelfAndTrainer,,#N/A,0,,,#N/A,0,,FALSE,FALSE,TRUE,FALSE,FALSE,FALSE,FALSE,FALSE,FALSE,FALSE,FALSE,FALSE,None,None
#N/A,CraftSpeed_PartnerSkill_1,,CraftSpeed,CraftSpeed: # on Self,working,1,None,CraftSpeed,%,200,Self,,#N/A,0,,,#N/A,0,,FALSE,TRUE,FALSE,FALSE,FALSE,FALSE,FALSE,FALSE,FALSE,FALSE,FALSE,FALSE,None,None
#N/A,CraftSpeed_PartnerSkill_2,,CraftSpeed,CraftSpeed: # on Self,working,1,None,CraftSpeed,%,220,Self,,#N/A,0,,,#N/A,0,,FALSE,TRUE,FALSE,FALSE,FALSE,FALSE,FALSE,FALSE,FALSE,FALSE,FALSE,FALSE,None,None
#N/A,CraftSpeed_PartnerSkill_3,,CraftSpeed,CraftSpeed: # on Self,working,1,None,CraftSpeed,%,260,Self,,#N/A,0,,,#N/A,0,,FALSE,TRUE,FALSE,FALSE,FALSE,FALSE,FALSE,FALSE,FALSE,FALSE,FALSE,FALSE,None,None
#N/A,CraftSpeed_PartnerSkill_4,,CraftSpeed,CraftSpeed: # on Self,working,1,None,CraftSpeed,%,320,Self,,#N/A,0,,,#N/A,0,,FALSE,TRUE,FALSE,FALSE,FALSE,FALSE,FALSE,FALSE,FALSE,FALSE,FALSE,FALSE,None,None
#N/A,CraftSpeed_PartnerSkill_5,,CraftSpeed,CraftSpeed: # on Self,working,1,None,CraftSpeed,%,400,Self,,#N/A,0,,,#N/A,0,,FALSE,TRUE,FALSE,FALSE,FALSE,FALSE,FALSE,FALSE,FALSE,FALSE,FALSE,FALSE,None,None
#N/A,TrainerATK_UP_PartnerSkill_1,,ShotAttack,ShotAttack: # on Trainer,always,1,None,ShotAttack,%,10,Trainer,,#N/A,0,,,#N/A,0,,FALSE,FALSE,FALSE,FALSE,FALSE,TRUE,FALSE,FALSE,FALSE,FALSE,FALSE,FALSE,None,None
#N/A,TrainerATK_UP_PartnerSkill_2,,ShotAttack,ShotAttack: # on Trainer,always,1,None,ShotAttack,%,11,Trainer,,#N/A,0,,,#N/A,0,,FALSE,FALSE,FALSE,FALSE,FALSE,TRUE,FALSE,FALSE,FALSE,FALSE,FALSE,FALSE,None,None
#N/A,TrainerATK_UP_PartnerSkill_3,,ShotAttack,ShotAttack: # on Trainer,always,1,None,ShotAttack,%,13,Trainer,,#N/A,0,,,#N/A,0,,FALSE,FALSE,FALSE,FALSE,FALSE,TRUE,FALSE,FALSE,FALSE,FALSE,FALSE,FALSE,None,None
#N/A,TrainerATK_UP_PartnerSkill_4,,ShotAttack,ShotAttack: # on Trainer,always,1,None,ShotAttack,%,16,Trainer,,#N/A,0,,,#N/A,0,,FALSE,FALSE,FALSE,FALSE,FALSE,TRUE,FALSE,FALSE,FALSE,FALSE,FALSE,FALSE,None,None
#N/A,TrainerATK_UP_PartnerSkill_5,,ShotAttack,ShotAttack: # on Trainer,always,1,None,ShotAttack,%,20,Trainer,,#N/A,0,,,#N/A,0,,FALSE,FALSE,FALSE,FALSE,FALSE,TRUE,FALSE,FALSE,FALSE,FALSE,FALSE,FALSE,None,None
#N/A,ElementBoost_Fire_PAL_PartnerSKill_1,,ElementBoost_Fire,ElementBoost_Fire: # on SelfAndTrainer,mounted,1,None,ElementBoost_Fire,%,50,SelfAndTrainer,,#N/A,0,,,#N/A,0,,FALSE,FALSE,TRUE,FALSE,FALSE,FALSE,FALSE,FALSE,FALSE,FALSE,FALSE,FALSE,None,None
#N/A,ElementBoost_Fire_PAL_PartnerSKill_2,,ElementBoost_Fire,ElementBoost_Fire: # on SelfAndTrainer,mounted,1,None,ElementBoost_Fire,%,55,SelfAndTrainer,,#N/A,0,,,#N/A,0,,FALSE,FALSE,TRUE,FALSE,FALSE,FALSE,FALSE,FALSE,FALSE,FALSE,FALSE,FALSE,None,None
#N/A,ElementBoost_Fire_PAL_PartnerSKill_3,,ElementBoost_Fire,ElementBoost_Fire: # on SelfAndTrainer,mounted,1,None,ElementBoost_Fire,%,65,SelfAndTrainer,,#N/A,0,,,#N/A,0,,FALSE,FALSE,TRUE,FALSE,FALSE,FALSE,FALSE,FALSE,FALSE,FALSE,FALSE,FALSE,None,None
#N/A,ElementBoost_Fire_PAL_PartnerSKill_4,,ElementBoost_Fire,ElementBoost_Fire: # on SelfAndTrainer,mounted,1,None,ElementBoost_Fire,%,80,SelfAndTrainer,,#N/A,0,,,#N/A,0,,FALSE,FALSE,TRUE,FALSE,FALSE,FALSE,FALSE,FALSE,FALSE,FALSE,FALSE,FALSE,None,None
#N/A,ElementBoost_Fire_PAL_PartnerSKill_5,,ElementBoost_Fire,ElementBoost_Fire: # on SelfAndTrainer,mounted,1,None,ElementBoost_Fire,%,100,SelfAndTrainer,,#N/A,0,,,#N/A,0,,FALSE,FALSE,TRUE,FALSE,FALSE,FALSE,FALSE,FALSE,FALSE,FALSE,FALSE,FALSE,None,None
#N/A,ElementBoost_Water_PAL_PartnerSKill_1,,ElementBoost_Water,ElementBoost_Water: # on SelfAndTrainer,mounted,1,None,ElementBoost_Water,%,50,SelfAndTrainer,,#N/A,0,,,#N/A,0,,FALSE,FALSE,TRUE,FALSE,FALSE,FALSE,FALSE,FALSE,FALSE,FALSE,FALSE,FALSE,None,None
#N/A,ElementBoost_Water_PAL_PartnerSKill_2,,ElementBoost_Water,ElementBoost_Water: # on SelfAndTrainer,mounted,1,None,ElementBoost_Water,%,55,SelfAndTrainer,,#N/A,0,,,#N/A,0,,FALSE,FALSE,TRUE,FALSE,FALSE,FALSE,FALSE,FALSE,FALSE,FALSE,FALSE,FALSE,None,None
#N/A,ElementBoost_Water_PAL_PartnerSKill_3,,ElementBoost_Water,ElementBoost_Water: # on SelfAndTrainer,mounted,1,None,ElementBoost_Water,%,65,SelfAndTrainer,,#N/A,0,,,#N/A,0,,FALSE,FALSE,TRUE,FALSE,FALSE,FALSE,FALSE,FALSE,FALSE,FALSE,FALSE,FALSE,None,None
#N/A,ElementBoost_Water_PAL_PartnerSKill_4,,ElementBoost_Water,ElementBoost_Water: # on SelfAndTrainer,mounted,1,None,ElementBoost_Water,%,80,SelfAndTrainer,,#N/A,0,,,#N/A,0,,FALSE,FALSE,TRUE,FALSE,FALSE,FALSE,FALSE,FALSE,FALSE,FALSE,FALSE,FALSE,None,None
#N/A,ElementBoost_Water_PAL_PartnerSKill_5,,ElementBoost_Water,ElementBoost_Water: # on SelfAndTrainer,mounted,1,None,ElementBoost_Water,%,100,SelfAndTrainer,,#N/A,0,,,#N/A,0,,FALSE,FALSE,TRUE,FALSE,FALSE,FALSE,FALSE,FALSE,FALSE,FALSE,FALSE,FALSE,None,None
#N/A,ElementBoost_Electricity_PAL_PartnerSKill_1,,ElementBoost_Electricity,ElementBoost_Electricity: # on SelfAndTrainer,mounted,1,None,ElementBoost_Electricity,%,50,SelfAndTrainer,,#N/A,0,,,#N/A,0,,FALSE,FALSE,TRUE,FALSE,FALSE,FALSE,FALSE,FALSE,FALSE,FALSE,FALSE,FALSE,None,None
#N/A,ElementBoost_Electricity_PAL_PartnerSKill_2,,ElementBoost_Electricity,ElementBoost_Electricity: # on SelfAndTrainer,mounted,1,None,ElementBoost_Electricity,%,55,SelfAndTrainer,,#N/A,0,,,#N/A,0,,FALSE,FALSE,TRUE,FALSE,FALSE,FALSE,FALSE,FALSE,FALSE,FALSE,FALSE,FALSE,None,None
#N/A,ElementBoost_Electricity_PAL_PartnerSKill_3,,ElementBoost_Electricity,ElementBoost_Electricity: # on SelfAndTrainer,mounted,1,None,ElementBoost_Electricity,%,65,SelfAndTrainer,,#N/A,0,,,#N/A,0,,FALSE,FALSE,TRUE,FALSE,FALSE,FALSE,FALSE,FALSE,FALSE,FALSE,FALSE,FALSE,None,None
#N/A,ElementBoost_Electricity_PAL_PartnerSKill_4,,ElementBoost_Electricity,ElementBoost_Electricity: # on SelfAndTrainer,mounted,1,None,ElementBoost_Electricity,%,80,SelfAndTrainer,,#N/A,0,,,#N/A,0,,FALSE,FALSE,TRUE,FALSE,FALSE,FALSE,FALSE,FALSE,FALSE,FALSE,FALSE,FALSE,None,None
#N/A,ElementBoost_Electricity_PAL_PartnerSKill_5,,ElementBoost_Electricity,ElementBoost_Electricity: # on SelfAndTrainer,mounted,1,None,ElementBoost_Electricity,%,100,SelfAndTrainer,,#N/A,0,,,#N/A,0,,FALSE,FALSE,TRUE,FALSE,FALSE,FALSE,FALSE,FALSE,FALSE,FALSE,FALSE,FALSE,None,None
#N/A,ElementBoost_Leaf_PAL_PartnerSKill_1,,ElementBoost_Leaf,ElementBoost_Leaf: # on SelfAndTrainer,mounted,1,None,ElementBoost_Leaf,%,50,SelfAndTrainer,,#N/A,0,,,#N/A,0,,FALSE,FALSE,TRUE,FALSE,FALSE,FALSE,FALSE,FALSE,FALSE,FALSE,FALSE,FALSE,None,None
#N/A,ElementBoost_Leaf_PAL_PartnerSKill_2,,ElementBoost_Leaf,ElementBoost_Leaf: # on SelfAndTrainer,mounted,1,None,ElementBoost_Leaf,%,55,SelfAndTrainer,,#N/A,0,,,#N/A,0,,FALSE,FALSE,TRUE,FALSE,FALSE,FALSE,FALSE,FALSE,FALSE,FALSE,FALSE,FALSE,None,None
#N/A,ElementBoost_Leaf_PAL_PartnerSKill_3,,ElementBoost_Leaf,ElementBoost_Leaf: # on SelfAndTrainer,mounted,1,None,ElementBoost_Leaf,%,65,SelfAndTrainer,,#N/A,0,,,#N/A,0,,FALSE,FALSE,TRUE,FALSE,FALSE,FALSE,FALSE,FALSE,FALSE,FALSE,FALSE,FALSE,None,None
#N/A,ElementBoost_Leaf_PAL_PartnerSKill_4,,ElementBoost_Leaf,ElementBoost_Leaf: # on SelfAndTrainer,mounted,1,None,ElementBoost_Leaf,%,80,SelfAndTrainer,,#N/A,0,,,#N/A,0,,FALSE,FALSE,TRUE,FALSE,FALSE,FALSE,FALSE,FALSE,FALSE,FALSE,FALSE,FALSE,None,None
#N/A,ElementBoost_Leaf_PAL_PartnerSKill_5,,ElementBoost_Leaf,ElementBoost_Leaf: # on SelfAndTrainer,mounted,1,None,ElementBoost_Leaf,%,100,SelfAndTrainer,,#N/A,0,,,#N/A,0,,FALSE,FALSE,TRUE,FALSE,FALSE,FALSE,FALSE,FALSE,FALSE,FALSE,FALSE,FALSE,None,None
#N/A,ElementBoost_Ice_PAL_PartnerSKill_1,,ElementBoost_Ice,ElementBoost_Ice: # on SelfAndTrainer,mounted,1,None,ElementBoost_Ice,%,50,SelfAndTrainer,,#N/A,0,,,#N/A,0,,FALSE,FALSE,TRUE,FALSE,FALSE,FALSE,FALSE,FALSE,FALSE,FALSE,FALSE,FALSE,None,None
#N/A,ElementBoost_Ice_PAL_PartnerSKill_2,,ElementBoost_Ice,ElementBoost_Ice: # on SelfAndTrainer,mounted,1,None,ElementBoost_Ice,%,55,SelfAndTrainer,,#N/A,0,,,#N/A,0,,FALSE,FALSE,TRUE,FALSE,FALSE,FALSE,FALSE,FALSE,FALSE,FALSE,FALSE,FALSE,None,None
#N/A,ElementBoost_Ice_PAL_PartnerSKill_3,,ElementBoost_Ice,ElementBoost_Ice: # on SelfAndTrainer,mounted,1,None,ElementBoost_Ice,%,65,SelfAndTrainer,,#N/A,0,,,#N/A,0,,FALSE,FALSE,TRUE,FALSE,FALSE,FALSE,FALSE,FALSE,FALSE,FALSE,FALSE,FALSE,None,None
#N/A,ElementBoost_Ice_PAL_PartnerSKill_4,,ElementBoost_Ice,ElementBoost_Ice: # on SelfAndTrainer,mounted,1,None,ElementBoost_Ice,%,80,SelfAndTrainer,,#N/A,0,,,#N/A,0,,FALSE,FALSE,TRUE,FALSE,FALSE,FALSE,FALSE,FALSE,FALSE,FALSE,FALSE,FALSE,None,None
#N/A,ElementBoost_Ice_PAL_PartnerSKill_5,,ElementBoost_Ice,ElementBoost_Ice: # on SelfAndTrainer,mounted,1,None,ElementBoost_Ice,%,100,SelfAndTrainer,,#N/A,0,,,#N/A,0,,FALSE,FALSE,TRUE,FALSE,FALSE,FALSE,FALSE,FALSE,FALSE,FALSE,FALSE,FALSE,None,None
#N/A,ElementBoost_Dark_PAL_PartnerSKill_1,,ElementBoost_Dark,ElementBoost_Dark: # on SelfAndTrainer,mounted,1,None,ElementBoost_Dark,%,50,SelfAndTrainer,,#N/A,0,,,#N/A,0,,FALSE,FALSE,TRUE,FALSE,FALSE,FALSE,FALSE,FALSE,FALSE,FALSE,FALSE,FALSE,None,None
#N/A,ElementBoost_Dark_PAL_PartnerSKill_2,,ElementBoost_Dark,ElementBoost_Dark: # on SelfAndTrainer,mounted,1,None,ElementBoost_Dark,%,55,SelfAndTrainer,,#N/A,0,,,#N/A,0,,FALSE,FALSE,TRUE,FALSE,FALSE,FALSE,FALSE,FALSE,FALSE,FALSE,FALSE,FALSE,None,None
#N/A,ElementBoost_Dark_PAL_PartnerSKill_3,,ElementBoost_Dark,ElementBoost_Dark: # on SelfAndTrainer,mounted,1,None,ElementBoost_Dark,%,65,SelfAndTrainer,,#N/A,0,,,#N/A,0,,FALSE,FALSE,TRUE,FALSE,FALSE,FALSE,FALSE,FALSE,FALSE,FALSE,FALSE,FALSE,None,None
#N/A,ElementBoost_Dark_PAL_PartnerSKill_4,,ElementBoost_Dark,ElementBoost_Dark: # on SelfAndTrainer,mounted,1,None,ElementBoost_Dark,%,80,SelfAndTrainer,,#N/A,0,,,#N/A,0,,FALSE,FALSE,TRUE,FALSE,FALSE,FALSE,FALSE,FALSE,FALSE,FALSE,FALSE,FALSE,None,None
#N/A,ElementBoost_Dark_PAL_PartnerSKill_5,,ElementBoost_Dark,ElementBoost_Dark: # on SelfAndTrainer,mounted,1,None,ElementBoost_Dark,%,100,SelfAndTrainer,,#N/A,0,,,#N/A,0,,FALSE,FALSE,TRUE,FALSE,FALSE,FALSE,FALSE,FALSE,FALSE,FALSE,FALSE,FALSE,None,None
#N/A,ElementBoost_Dragon_PAL_PartnerSKill_1,,ElementBoost_Dragon,ElementBoost_Dragon: # on SelfAndTrainer,mounted,1,None,ElementBoost_Dragon,%,50,SelfAndTrainer,,#N/A,0,,,#N/A,0,,FALSE,FALSE,TRUE,FALSE,FALSE,FALSE,FALSE,FALSE,FALSE,FALSE,FALSE,FALSE,None,None
#N/A,ElementBoost_Dragon_PAL_PartnerSKill_2,,ElementBoost_Dragon,ElementBoost_Dragon: # on SelfAndTrainer,mounted,1,None,ElementBoost_Dragon,%,55,SelfAndTrainer,,#N/A,0,,,#N/A,0,,FALSE,FALSE,TRUE,FALSE,FALSE,FALSE,FALSE,FALSE,FALSE,FALSE,FALSE,FALSE,None,None
#N/A,ElementBoost_Dragon_PAL_PartnerSKill_3,,ElementBoost_Dragon,ElementBoost_Dragon: # on SelfAndTrainer,mounted,1,None,ElementBoost_Dragon,%,65,SelfAndTrainer,,#N/A,0,,,#N/A,0,,FALSE,FALSE,TRUE,FALSE,FALSE,FALSE,FALSE,FALSE,FALSE,FALSE,FALSE,FALSE,None,None
#N/A,ElementBoost_Dragon_PAL_PartnerSKill_4,,ElementBoost_Dragon,ElementBoost_Dragon: # on SelfAndTrainer,mounted,1,None,ElementBoost_Dragon,%,80,SelfAndTrainer,,#N/A,0,,,#N/A,0,,FALSE,FALSE,TRUE,FALSE,FALSE,FALSE,FALSE,FALSE,FALSE,FALSE,FALSE,FALSE,None,None
#N/A,ElementBoost_Dragon_PAL_PartnerSKill_5,,ElementBoost_Dragon,ElementBoost_Dragon: # on SelfAndTrainer,mounted,1,None,ElementBoost_Dragon,%,100,SelfAndTrainer,,#N/A,0,,,#N/A,0,,FALSE,FALSE,TRUE,FALSE,FALSE,FALSE,FALSE,FALSE,FALSE,FALSE,FALSE,FALSE,None,None
#N/A,ElementBoost_Normal_PAL_PartnerSKill_1,,ElementBoost_Normal,ElementBoost_Normal: # on SelfAndTrainer,mounted,1,None,ElementBoost_Normal,%,50,SelfAndTrainer,,#N/A,0,,,#N/A,0,,FALSE,FALSE,TRUE,FALSE,FALSE,FALSE,FALSE,FALSE,FALSE,FALSE,FALSE,FALSE,None,None
#N/A,ElementBoost_Normal_PAL_PartnerSKill_2,,ElementBoost_Normal,ElementBoost_Normal: # on SelfAndTrainer,mounted,1,None,ElementBoost_Normal,%,55,SelfAndTrainer,,#N/A,0,,,#N/A,0,,FALSE,FALSE,TRUE,FALSE,FALSE,FALSE,FALSE,FALSE,FALSE,FALSE,FALSE,FALSE,None,None
#N/A,ElementBoost_Normal_PAL_PartnerSKill_3,,ElementBoost_Normal,ElementBoost_Normal: # on SelfAndTrainer,mounted,1,None,ElementBoost_Normal,%,65,SelfAndTrainer,,#N/A,0,,,#N/A,0,,FALSE,FALSE,TRUE,FALSE,FALSE,FALSE,FALSE,FALSE,FALSE,FALSE,FALSE,FALSE,None,None
#N/A,ElementBoost_Normal_PAL_PartnerSKill_4,,ElementBoost_Normal,ElementBoost_Normal: # on SelfAndTrainer,mounted,1,None,ElementBoost_Normal,%,80,SelfAndTrainer,,#N/A,0,,,#N/A,0,,FALSE,FALSE,TRUE,FALSE,FALSE,FALSE,FALSE,FALSE,FALSE,FALSE,FALSE,FALSE,None,None
#N/A,ElementBoost_Normal_PAL_PartnerSKill_5,,ElementBoost_Normal,ElementBoost_Normal: # on SelfAndTrainer,mounted,1,None,ElementBoost_Normal,%,100,SelfAndTrainer,,#N/A,0,,,#N/A,0,,FALSE,FALSE,TRUE,FALSE,FALSE,FALSE,FALSE,FALSE,FALSE,FALSE,FALSE,FALSE,None,None
#N/A,TrainerDEF_UP_PartnerSkill_1,,Defense,Defense: # on Trainer,active pal,1,None,Defense,%,5,Trainer,,#N/A,0,,,#N/A,0,,TRUE,FALSE,FALSE,FALSE,FALSE,FALSE,FALSE,FALSE,FALSE,FALSE,FALSE,FALSE,None,None
#N/A,TrainerDEF_UP_PartnerSkill_2,,Defense,Defense: # on Trainer,active pal,1,None,Defense,%,6,Trainer,,#N/A,0,,,#N/A,0,,TRUE,FALSE,FALSE,FALSE,FALSE,FALSE,FALSE,FALSE,FALSE,FALSE,FALSE,FALSE,None,None
#N/A,TrainerDEF_UP_PartnerSkill_3,,Defense,Defense: # on Trainer,active pal,1,None,Defense,%,7,Trainer,,#N/A,0,,,#N/A,0,,TRUE,FALSE,FALSE,FALSE,FALSE,FALSE,FALSE,FALSE,FALSE,FALSE,FALSE,FALSE,None,None
#N/A,TrainerDEF_UP_PartnerSkill_4,,Defense,Defense: # on Trainer,active pal,1,None,Defense,%,8,Trainer,,#N/A,0,,,#N/A,0,,TRUE,FALSE,FALSE,FALSE,FALSE,FALSE,FALSE,FALSE,FALSE,FALSE,FALSE,FALSE,None,None
#N/A,TrainerDEF_UP_PartnerSkill_5,,Defense,Defense: # on Trainer,active pal,1,None,Defense,%,10,Trainer,,#N/A,0,,,#N/A,0,,TRUE,FALSE,FALSE,FALSE,FALSE,FALSE,FALSE,FALSE,FALSE,FALSE,FALSE,FALSE,None,None
#N/A,TrainerDEF_UP_PartnerSkill_6,,Defense,Defense: # on Trainer,active pal,1,None,Defense,%,12,Trainer,,#N/A,0,,,#N/A,0,,TRUE,FALSE,FALSE,FALSE,FALSE,FALSE,FALSE,FALSE,FALSE,FALSE,FALSE,FALSE,None,None
#N/A,TrainerDEF_UP_PartnerSkill_7,,Defense,Defense: # on Trainer,active pal,1,None,Defense,%,14,Trainer,,#N/A,0,,,#N/A,0,,TRUE,FALSE,FALSE,FALSE,FALSE,FALSE,FALSE,FALSE,FALSE,FALSE,FALSE,FALSE,None,None
#N/A,TrainerFireResist_UP_PartnerSkill_1,,ElementResist_Fire,ElementResist_Fire: # on Trainer,active pal,1,None,ElementResist_Fire,%,5,Trainer,,#N/A,0,,,#N/A,0,,TRUE,FALSE,FALSE,FALSE,FALSE,FALSE,FALSE,FALSE,FALSE,FALSE,FALSE,FALSE,None,None
#N/A,TrainerFireResist_UP_PartnerSkill_2,,ElementResist_Fire,ElementResist_Fire: # on Trainer,active pal,1,None,ElementResist_Fire,%,6,Trainer,,#N/A,0,,,#N/A,0,,TRUE,FALSE,FALSE,FALSE,FALSE,FALSE,FALSE,FALSE,FALSE,FALSE,FALSE,FALSE,None,None
#N/A,TrainerFireResist_UP_PartnerSkill_3,,ElementResist_Fire,ElementResist_Fire: # on Trainer,active pal,1,None,ElementResist_Fire,%,7,Trainer,,#N/A,0,,,#N/A,0,,TRUE,FALSE,FALSE,FALSE,FALSE,FALSE,FALSE,FALSE,FALSE,FALSE,FALSE,FALSE,None,None
#N/A,TrainerFireResist_UP_PartnerSkill_4,,ElementResist_Fire,ElementResist_Fire: # on Trainer,active pal,1,None,ElementResist_Fire,%,8,Trainer,,#N/A,0,,,#N/A,0,,TRUE,FALSE,FALSE,FALSE,FALSE,FALSE,FALSE,FALSE,FALSE,FALSE,FALSE,FALSE,None,None
#N/A,TrainerFireResist_UP_PartnerSkill_5,,ElementResist_Fire,ElementResist_Fire: # on Trainer,active pal,1,None,ElementResist_Fire,%,10,Trainer,,#N/A,0,,,#N/A,0,,TRUE,FALSE,FALSE,FALSE,FALSE,FALSE,FALSE,FALSE,FALSE,FALSE,FALSE,FALSE,None,None
#N/A,GiveElement_TrainerATK_UP_PartnerSkill_1,,ShotAttack,ShotAttack: # on Trainer,active pal,1,None,ShotAttack,%,5,Trainer,,#N/A,0,,,#N/A,0,,TRUE,FALSE,FALSE,FALSE,FALSE,FALSE,FALSE,FALSE,FALSE,FALSE,FALSE,FALSE,None,None
#N/A,GiveElement_TrainerATK_UP_PartnerSkill_2,,ShotAttack,ShotAttack: # on Trainer,active pal,1,None,ShotAttack,%,6,Trainer,,#N/A,0,,,#N/A,0,,TRUE,FALSE,FALSE,FALSE,FALSE,FALSE,FALSE,FALSE,FALSE,FALSE,FALSE,FALSE,None,None
#N/A,GiveElement_TrainerATK_UP_PartnerSkill_3,,ShotAttack,ShotAttack: # on Trainer,active pal,1,None,ShotAttack,%,7,Trainer,,#N/A,0,,,#N/A,0,,TRUE,FALSE,FALSE,FALSE,FALSE,FALSE,FALSE,FALSE,FALSE,FALSE,FALSE,FALSE,None,None
#N/A,GiveElement_TrainerATK_UP_PartnerSkill_4,,ShotAttack,ShotAttack: # on Trainer,active pal,1,None,ShotAttack,%,8,Trainer,,#N/A,0,,,#N/A,0,,TRUE,FALSE,FALSE,FALSE,FALSE,FALSE,FALSE,FALSE,FALSE,FALSE,FALSE,FALSE,None,None
#N/A,GiveElement_TrainerATK_UP_PartnerSkill_5,,ShotAttack,ShotAttack: # on Trainer,active pal,1,None,ShotAttack,%,10,Trainer,,#N/A,0,,,#N/A,0,,TRUE,FALSE,FALSE,FALSE,FALSE,FALSE,FALSE,FALSE,FALSE,FALSE,FALSE,FALSE,None,None
#N/A,GiveElement_TrainerATK_UP_PartnerSkill_Ride_1,,ShotAttack,ShotAttack: # on Trainer,mounted,1,None,ShotAttack,%,50,Trainer,,#N/A,0,,,#N/A,0,,FALSE,FALSE,TRUE,FALSE,FALSE,FALSE,FALSE,FALSE,FALSE,FALSE,FALSE,FALSE,None,None
#N/A,GiveElement_TrainerATK_UP_PartnerSkill_Ride_2,,ShotAttack,ShotAttack: # on Trainer,mounted,1,None,ShotAttack,%,55,Trainer,,#N/A,0,,,#N/A,0,,FALSE,FALSE,TRUE,FALSE,FALSE,FALSE,FALSE,FALSE,FALSE,FALSE,FALSE,FALSE,None,None
#N/A,GiveElement_TrainerATK_UP_PartnerSkill_Ride_3,,ShotAttack,ShotAttack: # on Trainer,mounted,1,None,ShotAttack,%,65,Trainer,,#N/A,0,,,#N/A,0,,FALSE,FALSE,TRUE,FALSE,FALSE,FALSE,FALSE,FALSE,FALSE,FALSE,FALSE,FALSE,None,None
#N/A,GiveElement_TrainerATK_UP_PartnerSkill_Ride_4,,ShotAttack,ShotAttack: # on Trainer,mounted,1,None,ShotAttack,%,80,Trainer,,#N/A,0,,,#N/A,0,,FALSE,FALSE,TRUE,FALSE,FALSE,FALSE,FALSE,FALSE,FALSE,FALSE,FALSE,FALSE,None,None
#N/A,GiveElement_TrainerATK_UP_PartnerSkill_Ride_5,,ShotAttack,ShotAttack: # on Trainer,mounted,1,None,ShotAttack,%,100,Trainer,,#N/A,0,,,#N/A,0,,FALSE,FALSE,TRUE,FALSE,FALSE,FALSE,FALSE,FALSE,FALSE,FALSE,FALSE,FALSE,None,None
#N/A,MoveSpeed_up_PartnerSkill_1,,MoveSpeed,MoveSpeed: # on SelfAndTrainer,active pal,1,None,MoveSpeed,%,20,SelfAndTrainer,,#N/A,0,,,#N/A,0,,TRUE,FALSE,FALSE,FALSE,FALSE,FALSE,FALSE,FALSE,FALSE,FALSE,FALSE,FALSE,None,None
#N/A,MoveSpeed_up_PartnerSkill_2,,MoveSpeed,MoveSpeed: # on SelfAndTrainer,active pal,1,None,MoveSpeed,%,22,SelfAndTrainer,,#N/A,0,,,#N/A,0,,TRUE,FALSE,FALSE,FALSE,FALSE,FALSE,FALSE,FALSE,FALSE,FALSE,FALSE,FALSE,None,None
#N/A,MoveSpeed_up_PartnerSkill_3,,MoveSpeed,MoveSpeed: # on SelfAndTrainer,active pal,1,None,MoveSpeed,%,26,SelfAndTrainer,,#N/A,0,,,#N/A,0,,TRUE,FALSE,FALSE,FALSE,FALSE,FALSE,FALSE,FALSE,FALSE,FALSE,FALSE,FALSE,None,None
#N/A,MoveSpeed_up_PartnerSkill_4,,MoveSpeed,MoveSpeed: # on SelfAndTrainer,active pal,1,None,MoveSpeed,%,32,SelfAndTrainer,,#N/A,0,,,#N/A,0,,TRUE,FALSE,FALSE,FALSE,FALSE,FALSE,FALSE,FALSE,FALSE,FALSE,FALSE,FALSE,None,None
#N/A,MoveSpeed_up_PartnerSkill_5,,MoveSpeed,MoveSpeed: # on SelfAndTrainer,active pal,1,None,MoveSpeed,%,40,SelfAndTrainer,,#N/A,0,,,#N/A,0,,TRUE,FALSE,FALSE,FALSE,FALSE,FALSE,FALSE,FALSE,FALSE,FALSE,FALSE,FALSE,None,None
#N/A,ATK_up_PartnerSkill_1,,ShotAttack,ShotAttack: # on Self,always,1,None,ShotAttack,%,5,Self,,#N/A,0,,,#N/A,0,,FALSE,FALSE,FALSE,FALSE,FALSE,TRUE,FALSE,FALSE,FALSE,FALSE,FALSE,FALSE,None,None
#N/A,ATK_up_PartnerSkill_2,,ShotAttack,ShotAttack: # on Self,always,1,None,ShotAttack,%,6,Self,,#N/A,0,,,#N/A,0,,FALSE,FALSE,FALSE,FALSE,FALSE,TRUE,FALSE,FALSE,FALSE,FALSE,FALSE,FALSE,None,None
#N/A,ATK_up_PartnerSkill_3,,ShotAttack,ShotAttack: # on Self,always,1,None,ShotAttack,%,7,Self,,#N/A,0,,,#N/A,0,,FALSE,FALSE,FALSE,FALSE,FALSE,TRUE,FALSE,FALSE,FALSE,FALSE,FALSE,FALSE,None,None
#N/A,ATK_up_PartnerSkill_4,,ShotAttack,ShotAttack: # on Self,always,1,None,ShotAttack,%,8,Self,,#N/A,0,,,#N/A,0,,FALSE,FALSE,FALSE,FALSE,FALSE,TRUE,FALSE,FALSE,FALSE,FALSE,FALSE,FALSE,None,None
#N/A,TrainerLogging_up_PartnerSkill_1,,Logging,Logging: # on Trainer,always,1,None,Logging,+,10,Trainer,,#N/A,0,,,#N/A,0,,FALSE,FALSE,FALSE,FALSE,FALSE,TRUE,FALSE,FALSE,FALSE,FALSE,FALSE,FALSE,None,None
#N/A,TrainerLogging_up_PartnerSkill_2,,Logging,Logging: # on Trainer,always,1,None,Logging,+,11,Trainer,,#N/A,0,,,#N/A,0,,FALSE,FALSE,FALSE,FALSE,FALSE,TRUE,FALSE,FALSE,FALSE,FALSE,FALSE,FALSE,None,None
#N/A,TrainerLogging_up_PartnerSkill_3,,Logging,Logging: # on Trainer,always,1,None,Logging,+,13,Trainer,,#N/A,0,,,#N/A,0,,FALSE,FALSE,FALSE,FALSE,FALSE,TRUE,FALSE,FALSE,FALSE,FALSE,FALSE,FALSE,None,None
#N/A,TrainerLogging_up_PartnerSkill_4,,Logging,Logging: # on Trainer,always,1,None,Logging,+,16,Trainer,,#N/A,0,,,#N/A,0,,FALSE,FALSE,FALSE,FALSE,FALSE,TRUE,FALSE,FALSE,FALSE,FALSE,FALSE,FALSE,None,None
#N/A,TrainerLogging_up_PartnerSkill_5,,Logging,Logging: # on Trainer,always,1,None,Logging,+,20,Trainer,,#N/A,0,,,#N/A,0,,FALSE,FALSE,FALSE,FALSE,FALSE,TRUE,FALSE,FALSE,FALSE,FALSE,FALSE,FALSE,None,None
addedbyme - not in game files in this format,CharacterSpawnItem_Alpaca_1,,FindWool,FindWool: # ,,,,FindWool,"(min,max)","2,3",,,,,,,,,,,,,,,,,,,,,,,
addedbyme - not in game files in this format,CharacterSpawnItem_Alpaca_2,,FindWool,FindWool: # ,,,,FindWool,"(min,max)","2,3",,,,,,,,,,,,,,,,,,,,,,,
addedbyme - not in game files in this format,CharacterSpawnItem_Alpaca_3,,FindWool,FindWool: # ,,,,FindWool,"(min,max)","2,4",,,,,,,,,,,,,,,,,,,,,,,
addedbyme - not in game files in this format,CharacterSpawnItem_Alpaca_4,,FindWool,FindWool: # ,,,,FindWool,"(min,max)","2,5",,,,,,,,,,,,,,,,,,,,,,,
addedbyme - not in game files in this format,CharacterSpawnItem_Alpaca_5,,FindWool,FindWool: # ,,,,FindWool,"(min,max)","2,6",,,,,,,,,,,,,,,,,,,,,,,
addedbyme - not in game files in this format,CharacterSpawnItem_Money_1,,FindMoney,FindMoney: # ,,,,FindMoney,"(min,max)","10,10",,,,,,,,,,,,,,,,,,,,,,,
addedbyme - not in game files in this format,CharacterSpawnItem_Money_2,,FindMoney,FindMoney: # ,,,,FindMoney,"(min,max)","10,20",,,,,,,,,,,,,,,,,,,,,,,
addedbyme - not in game files in this format,CharacterSpawnItem_Money_3,,FindMoney,FindMoney: # ,,,,FindMoney,"(min,max)","10,30",,,,,,,,,,,,,,,,,,,,,,,
addedbyme - not in game files in this format,CharacterSpawnItem_Money_4,,FindMoney,FindMoney: # ,,,,FindMoney,"(min,max)","10,40",,,,,,,,,,,,,,,,,,,,,,,
addedbyme - not in game files in this format,CharacterSpawnItem_Money_5,,FindMoney,FindMoney: # ,,,,FindMoney,"(min,max)","10,50",,,,,,,,,,,,,,,,,,,,,,,
addedbyme - not in game files in this format,CharacterSpawnItem_Berries_1,,FindBerry,FindBerry: # ,,,,FindBerry,"(min,max)","1,1",,,,,,,,,,,,,,,,,,,,,,,
addedbyme - not in game files in this format,CharacterSpawnItem_Berries_2,,FindBerry,FindBerry: # ,,,,FindBerry,"(min,max)","1,2",,,,,,,,,,,,,,,,,,,,,,,
addedbyme - not in game files in this format,CharacterSpawnItem_Berries_3,,FindBerry,FindBerry: # ,,,,FindBerry,"(min,max)","1,3",,,,,,,,,,,,,,,,,,,,,,,
addedbyme - not in game files in this format,CharacterSpawnItem_Berries_4,,FindBerry,FindBerry: # ,,,,FindBerry,"(min,max)","1,4",,,,,,,,,,,,,,,,,,,,,,,
addedbyme - not in game files in this format,CharacterSpawnItem_Berries_5,,FindBerry,FindBerry: # ,,,,FindBerry,"(min,max)","1,5",,,,,,,,,,,,,,,,,,,,,,,
addedbyme - not in game files in this format,CharacterSpawnItem_Egg_1,,FindEgg,FindEgg: # ,,,,FindEgg,"(min,max)","1,1",,,,,,,,,,,,,,,,,,,,,,,
addedbyme - not in game files in this format,CharacterSpawnItem_Egg_2,,FindEgg,FindEgg: # ,,,,FindEgg,"(min,max)","1,2",,,,,,,,,,,,,,,,,,,,,,,
addedbyme - not in game files in this format,CharacterSpawnItem_Egg_3,,FindEgg,FindEgg: # ,,,,FindEgg,"(min,max)","1,3",,,,,,,,,,,,,,,,,,,,,,,
addedbyme - not in game files in this format,CharacterSpawnItem_Egg_4,,FindEgg,FindEgg: # ,,,,FindEgg,"(min,max)","1,4",,,,,,,,,,,,,,,,,,,,,,,
addedbyme - not in game files in this format,CharacterSpawnItem_Egg_5,,FindEgg,FindEgg: # ,,,,FindEgg,"(min,max)","1,5",,,,,,,,,,,,,,,,,,,,,,,
addedbyme - not in game files in this format,CharacterSpawnItem_Milk_1,,FindMilk,FindMilk: # ,,,,FindMilk,"(min,max)","1,1",,,,,,,,,,,,,,,,,,,,,,,
addedbyme - not in game files in this format,CharacterSpawnItem_Milk_2,,FindMilk,FindMilk: # ,,,,FindMilk,"(min,max)","1,2",,,,,,,,,,,,,,,,,,,,,,,
addedbyme - not in game files in this format,CharacterSpawnItem_Milk_3,,FindMilk,FindMilk: # ,,,,FindMilk,"(min,max)","1,3",,,,,,,,,,,,,,,,,,,,,,,
addedbyme - not in game files in this format,CharacterSpawnItem_Milk_4,,FindMilk,FindMilk: # ,,,,FindMilk,"(min,max)","1,4",,,,,,,,,,,,,,,,,,,,,,,
addedbyme - not in game files in this format,CharacterSpawnItem_Milk_5,,FindMilk,FindMilk: # ,,,,FindMilk,"(min,max)","1,5",,,,,,,,,,,,,,,,,,,,,,,
addedbyme - not in game files in this format,CharacterSpawnItem_CuteFoxRank1,,FindPalSphere. FindArrow. FindMoney,FindPalSphere: # (5 weight). FindArrow: # (2 weight). FindMoney: # (1 weight),,,,FindPalSphere,"(min,max)","1,1",5 weight,FindArrow,"(min,max)","1,1",2 weight,FindMoney,"(min,max)","10,10",1 weight,,,,,,,,,,,,,,
addedbyme - not in game files in this format,CharacterSpawnItem_CuteFoxRank2,,FindPalSphere. FindArrow. FindMoney,FindPalSphere: # (5 weight). FindArrow: # (3 weight). FindMoney: # (1 weight),,,,FindPalSphere,"(min,max)","1,2",5 weight,FindArrow,"(min,max)","1,2",3 weight,FindMoney,"(min,max)","10,20",1 weight,,,,,,,,,,,,,,
addedbyme - not in game files in this format,CharacterSpawnItem_CuteFoxRank3,,FindPalSphere. FindArrow. FindMoney,FindPalSphere: # (5 weight). FindArrow: # (4 weight). FindMoney: # (1 weight),,,,FindPalSphere,"(min,max)","2,3",5 weight,FindArrow,"(min,max)","2,3",4 weight,FindMoney,"(min,max)","10,30",1 weight,,,,,,,,,,,,,,
addedbyme - not in game files in this format,CharacterSpawnItem_CuteFoxRank4,,FindPalSphere/FindMegaPalSphere. FindArrow. FindMoney,FindPalSphere/FindMegaPalSphere: # (5 weight / 1 weight). FindArrow: # (2 weight). FindMoney: # (1 weight),,,,FindPalSphere/FindMegaPalSphere,"(min,max)","1,1 / 1,1",5 weight / 1 weight,FindArrow,"(min,max)","3,4",2 weight,FindMoney,"(min,max)","10,40",1 weight,,,,,,,,,,,,,,
addedbyme - not in game files in this format,CharacterSpawnItem_CuteFoxRank5,,FindPalSphere/FindMegaPalSphere. FindArrow. FindMoney,FindPalSphere/FindMegaPalSphere: # (5 weight / 1 weight). FindArrow: # (2 weight). FindMoney: # (1 weight),,,,FindPalSphere/FindMegaPalSphere,"(min,max)","1,2 / 1,1",5 weight / 1 weight,FindArrow,"(min,max)","4,5",2 weight,FindMoney,"(min,max)","10,50",1 weight,,,,,,,,,,,,,,
addedbyme - not in game files in this format,CharacterSpawnItem_LavaGirl_1,,FindFireOrgan,FindFireOrgan: # ,,,,FindFireOrgan,"(min,max)","1,1",,,,,,,,,,,,,,,,,,,,,,,
addedbyme - not in game files in this format,CharacterSpawnItem_LavaGirl_2,,FindFireOrgan,FindFireOrgan: # ,,,,FindFireOrgan,"(min,max)","1,2",,,,,,,,,,,,,,,,,,,,,,,
addedbyme - not in game files in this format,CharacterSpawnItem_LavaGirl_3,,FindFireOrgan,FindFireOrgan: # ,,,,FindFireOrgan,"(min,max)","1,3",,,,,,,,,,,,,,,,,,,,,,,
addedbyme - not in game files in this format,CharacterSpawnItem_LavaGirl_4,,FindFireOrgan,FindFireOrgan: # ,,,,FindFireOrgan,"(min,max)","1,4",,,,,,,,,,,,,,,,,,,,,,,
addedbyme - not in game files in this format,CharacterSpawnItem_LavaGirl_5,,FindFireOrgan,FindFireOrgan: # ,,,,FindFireOrgan,"(min,max)","1,5",,,,,,,,,,,,,,,,,,,,,,,
addedbyme - not in game files in this format,CharacterSpawnItem_Wool_1,,FindWool,FindWool: # ,,,,FindWool,"(min,max)","1,1",,,,,,,,,,,,,,,,,,,,,,,
addedbyme - not in game files in this format,CharacterSpawnItem_Wool_2,,FindWool,FindWool: # ,,,,FindWool,"(min,max)","1,2",,,,,,,,,,,,,,,,,,,,,,,
addedbyme - not in game files in this format,CharacterSpawnItem_Wool_3,,FindWool,FindWool: # ,,,,FindWool,"(min,max)","1,3",,,,,,,,,,,,,,,,,,,,,,,
addedbyme - not in game files in this format,CharacterSpawnItem_Wool_4,,FindWool,FindWool: # ,,,,FindWool,"(min,max)","1,4",,,,,,,,,,,,,,,,,,,,,,,
addedbyme - not in game files in this format,CharacterSpawnItem_Wool_5,,FindWool,FindWool: # ,,,,FindWool,"(min,max)","1,5",,,,,,,,,,,,,,,,,,,,,,,
addedbyme - not in game files in this format,CharacterSpawnItem_Sweets_1,,FindSweet,FindSweet: # ,,,,FindSweet,"(min,max)","1,1",,,,,,,,,,,,,,,,,,,,,,,
addedbyme - not in game files in this format,CharacterSpawnItem_Sweets_2,,FindSweet,FindSweet: # ,,,,FindSweet,"(min,max)","1,2",,,,,,,,,,,,,,,,,,,,,,,
addedbyme - not in game files in this format,CharacterSpawnItem_Sweets_3,,FindSweet,FindSweet: # ,,,,FindSweet,"(min,max)","1,3",,,,,,,,,,,,,,,,,,,,,,,
addedbyme - not in game files in this format,CharacterSpawnItem_Sweets_4,,FindSweet,FindSweet: # ,,,,FindSweet,"(min,max)","1,4",,,,,,,,,,,,,,,,,,,,,,,
addedbyme - not in game files in this format,CharacterSpawnItem_Sweets_5,,FindSweet,FindSweet: # ,,,,FindSweet,"(min,max)","1,5",,,,,,,,,,,,,,,,,,,,,,,
addedbyme - not in game files in this format,CharacterSpawnItem_Cloth2_1,,FindCloth,FindCloth: # ,,,,FindCloth,"(min,max)","1,1",,,,,,,,,,,,,,,,,,,,,,,
addedbyme - not in game files in this format,CharacterSpawnItem_Cloth2_2,,FindCloth,FindCloth: # ,,,,FindCloth,"(min,max)","1,2",,,,,,,,,,,,,,,,,,,,,,,
addedbyme - not in game files in this format,CharacterSpawnItem_Cloth2_3,,FindCloth,FindCloth: # ,,,,FindCloth,"(min,max)","1,3",,,,,,,,,,,,,,,,,,,,,,,
addedbyme - not in game files in this format,CharacterSpawnItem_Cloth2_4,,FindCloth,FindCloth: # ,,,,FindCloth,"(min,max)","1,4",,,,,,,,,,,,,,,,,,,,,,,
addedbyme - not in game files in this format,CharacterSpawnItem_Cloth2_5,,FindCloth,FindCloth: # ,,,,FindCloth,"(min,max)","1,5",,,,,,,,,,,,,,,,,,,,,,,
addedbyme - not in game files in this format,CharacterSpawnItem_SoldierBee_1,,FindHoney,FindHoney: # ,,,,FindHoney,"(min,max)","1,1",,,,,,,,,,,,,,,,,,,,,,,
addedbyme - not in game files in this format,CharacterSpawnItem_SoldierBee_2,,FindHoney,FindHoney: # ,,,,FindHoney,"(min,max)","1,2",,,,,,,,,,,,,,,,,,,,,,,
addedbyme - not in game files in this format,CharacterSpawnItem_SoldierBee_3,,FindHoney,FindHoney: # ,,,,FindHoney,"(min,max)","1,3",,,,,,,,,,,,,,,,,,,,,,,
addedbyme - not in game files in this format,CharacterSpawnItem_SoldierBee_4,,FindHoney,FindHoney: # ,,,,FindHoney,"(min,max)","1,4",,,,,,,,,,,,,,,,,,,,,,,
addedbyme - not in game files in this format,CharacterSpawnItem_SoldierBee_5,,FindHoney,FindHoney: # ,,,,FindHoney,"(min,max)","1,5",,,,,,,,,,,,,,,,,,,,,,,